model,repeat,case_id,policy_id,tier,language,language_label,order,interface,instruction,expected_command,first_position_command,second_position_command,full_response,response_chars,scored_response,normalized_command,valid,command_correct,selected_first_position,selected_second_position,final_extraction_error,latency_ms,provider_error,ollama_done_reason,ollama_eval_count
mistral-small3.2:24b-instruct-2506-q4_K_M,0,d1-health-b,D1-P2,D1,es_standard,Tuteo Spanish,b_first,format_only,"Cuando tienes 15 puntos de salud o más, avanza. Cuando tienes menos de 15 puntos de salud, levanta el escudo.",S1,M,S1,FINAL: M,8,M,M,True,False,True,False,,16283.991,,stop,5
mistral-small3.2:24b-instruct-2506-q4_K_M,0,d3-conjunction-a,D3-P1,D3,es_rioplatense,Rioplatense voseo,a_first,format_only,"Cuando tenés menos de 15 puntos de salud y el escudo está bajo, levantá el escudo. Cuando tenés 15 puntos de salud o más o el escudo está levantado, dispará.",S1,S1,B,FINAL: S1,9,S1,S1,True,True,True,False,,2163.146,,stop,6
mistral-small3.2:24b-instruct-2506-q4_K_M,0,d3-xor-shields-b,D3-P2,D3,es_rioplatense,Rioplatense voseo,b_first,format_only,"Cuando los dos escudos están en el mismo estado, dispará. Cuando exactamente uno de los dos escudos está levantado, avanzá.",M,B,M,FINAL: M,8,M,M,True,True,False,True,,1461.479,,stop,5
mistral-small3.2:24b-instruct-2506-q4_K_M,0,d5-x-distance-b,D5-P2,D5,es_standard,Tuteo Spanish,a_first,format_only,"Primero calcula la distancia horizontal entre tu coordenada x y la coordenada x del rival. Cuando la distancia es de al menos 0.4, avanza 0.1. Cuando la distancia es menor que 0.4, gira 90 grados en sentido horario.",C90.0,M0.1,C90.0,FINAL: M0.1,11,M0.1,M0.1,True,False,True,False,,1828.429,,stop,8
mistral-small3.2:24b-instruct-2506-q4_K_M,0,d3-xor-shields-d,D3-P2,D3,es_standard,Tuteo Spanish,b_first,format_only,"Cuando los dos escudos están en el mismo estado, dispara. Cuando exactamente uno de los dos escudos está levantado, avanza.",B,B,M,FINAL: B,8,B,B,True,True,True,False,,1706.6,,stop,5
mistral-small3.2:24b-instruct-2506-q4_K_M,0,d2-x-compare-c,D2-P2,D2,es_standard,Tuteo Spanish,b_first,format_only,"Cuando tu coordenada x es menor o igual que la del rival, gira 90 grados en sentido horario. Cuando tu coordenada x es mayor que la del rival, gira 90 grados en sentido antihorario.",C90.0,C90.0,A90.0,FINAL: C90,10,C90,C90.0,True,True,True,False,,1878.048,,stop,7
mistral-small3.2:24b-instruct-2506-q4_K_M,0,d2-x-compare-b,D2-P2,D2,es_standard,Tuteo Spanish,b_first,format_only,"Cuando tu coordenada x es menor o igual que la del rival, gira 90 grados en sentido horario. Cuando tu coordenada x es mayor que la del rival, gira 90 grados en sentido antihorario.",C90.0,C90.0,A90.0,FINAL: C90,10,C90,C90.0,True,True,True,False,,1763.092,,stop,7
mistral-small3.2:24b-instruct-2506-q4_K_M,0,d3-xor-shields-a,D3-P2,D3,es_rioplatense,Rioplatense voseo,b_first,format_only,"Cuando los dos escudos están en el mismo estado, dispará. Cuando exactamente uno de los dos escudos está levantado, avanzá.",B,B,M,FINAL: M,8,M,M,True,False,False,True,,1329.107,,stop,5
mistral-small3.2:24b-instruct-2506-q4_K_M,0,d1-shield-c,D1-P1,D1,es_standard,Tuteo Spanish,a_first,format_only,"Cuando tienes el escudo levantado, bájalo. Cuando tienes el escudo bajo, dispara.",S0,S0,B,FINAL: S0,9,S0,S0,True,True,True,False,,1696.26,,stop,6
mistral-small3.2:24b-instruct-2506-q4_K_M,0,d3-conjunction-d,D3-P1,D3,es_standard,Tuteo Spanish,b_first,format_only,"Cuando tienes 15 puntos de salud o más o el escudo está levantado, dispara. Cuando tienes menos de 15 puntos de salud y el escudo está bajo, levanta el escudo.",B,B,S1,FINAL: B,8,B,B,True,True,True,False,,1871.656,,stop,5
mistral-small3.2:24b-instruct-2506-q4_K_M,0,d2-x-compare-a,D2-P2,D2,es_standard,Tuteo Spanish,a_first,format_only,"Cuando tu coordenada x es mayor que la del rival, gira 90 grados en sentido antihorario. Cuando tu coordenada x es menor o igual que la del rival, gira 90 grados en sentido horario.",A90.0,A90.0,C90.0,FINAL: A90,10,A90,A90.0,True,True,True,False,,2031.873,,stop,7
mistral-small3.2:24b-instruct-2506-q4_K_M,0,d2-x-compare-a,D2-P2,D2,es_rioplatense,Rioplatense voseo,b_first,format_only,"Cuando tu coordenada x es menor o igual que la del rival, girá 90 grados en sentido horario. Cuando tu coordenada x es mayor que la del rival, girá 90 grados en sentido antihorario.",A90.0,C90.0,A90.0,FINAL: C90,10,C90,C90.0,True,False,True,False,,1131.999,,stop,7
mistral-small3.2:24b-instruct-2506-q4_K_M,0,d3-conjunction-d,D3-P1,D3,es_standard,Tuteo Spanish,a_first,format_only,"Cuando tienes menos de 15 puntos de salud y el escudo está bajo, levanta el escudo. Cuando tienes 15 puntos de salud o más o el escudo está levantado, dispara.",B,S1,B,FINAL: B,8,B,B,True,True,False,True,,1966.304,,stop,5
mistral-small3.2:24b-instruct-2506-q4_K_M,0,d1-shield-b,D1-P1,D1,es_standard,Tuteo Spanish,b_first,format_only,"Cuando tienes el escudo bajo, dispara. Cuando tienes el escudo levantado, bájalo.",B,B,S0,FINAL: B,8,B,B,True,True,True,False,,1599.092,,stop,5
mistral-small3.2:24b-instruct-2506-q4_K_M,0,d2-x-compare-a,D2-P2,D2,es_rioplatense,Rioplatense voseo,a_first,format_only,"Cuando tu coordenada x es mayor que la del rival, girá 90 grados en sentido antihorario. Cuando tu coordenada x es menor o igual que la del rival, girá 90 grados en sentido horario.",A90.0,A90.0,C90.0,FINAL: A90,10,A90,A90.0,True,True,True,False,,2081.339,,stop,7
mistral-small3.2:24b-instruct-2506-q4_K_M,0,d3-xor-shields-c,D3-P2,D3,es_rioplatense,Rioplatense voseo,b_first,format_only,"Cuando los dos escudos están en el mismo estado, dispará. Cuando exactamente uno de los dos escudos está levantado, avanzá.",M,B,M,FINAL: M,8,M,M,True,True,False,True,,1565.529,,stop,5
mistral-small3.2:24b-instruct-2506-q4_K_M,0,d3-xor-shields-a,D3-P2,D3,es_standard,Tuteo Spanish,a_first,format_only,"Cuando exactamente uno de los dos escudos está levantado, avanza. Cuando los dos escudos están en el mismo estado, dispara.",B,M,B,FINAL: B,8,B,B,True,True,False,True,,1581.709,,stop,5
mistral-small3.2:24b-instruct-2506-q4_K_M,0,d1-shield-d,D1-P1,D1,es_rioplatense,Rioplatense voseo,a_first,format_only,"Cuando tenés el escudo levantado, bajalo. Cuando tenés el escudo bajo, dispará.",B,S0,B,FINAL: S,8,S,S,True,False,False,False,,1566.73,,stop,5
mistral-small3.2:24b-instruct-2506-q4_K_M,0,d5-x-distance-b,D5-P2,D5,es_rioplatense,Rioplatense voseo,a_first,format_only,"Primero calculá la distancia horizontal entre tu coordenada x y la coordenada x del rival. Cuando la distancia es de al menos 0.4, avanzá 0.1. Cuando la distancia es menor que 0.4, girá 90 grados en sentido horario.",C90.0,M0.1,C90.0,FINAL: M0.1,11,M0.1,M0.1,True,False,True,False,,2195.741,,stop,8
mistral-small3.2:24b-instruct-2506-q4_K_M,0,d5-x-distance-b,D5-P2,D5,es_standard,Tuteo Spanish,b_first,format_only,"Primero calcula la distancia horizontal entre tu coordenada x y la coordenada x del rival. Cuando la distancia es menor que 0.4, gira 90 grados en sentido horario. Cuando la distancia es de al menos 0.4, avanza 0.1.",C90.0,C90.0,M0.1,FINAL: M0.1,11,M0.1,M0.1,True,False,False,True,,1312.009,,stop,8
mistral-small3.2:24b-instruct-2506-q4_K_M,0,d5-x-distance-d,D5-P2,D5,es_standard,Tuteo Spanish,b_first,format_only,"Primero calcula la distancia horizontal entre tu coordenada x y la coordenada x del rival. Cuando la distancia es menor que 0.4, gira 90 grados en sentido horario. Cuando la distancia es de al menos 0.4, avanza 0.1.",C90.0,C90.0,M0.1,FINAL: M0.1,11,M0.1,M0.1,True,False,False,True,,2020.859,,stop,8
mistral-small3.2:24b-instruct-2506-q4_K_M,0,d1-health-a,D1-P2,D1,es_standard,Tuteo Spanish,a_first,format_only,"Cuando tienes menos de 15 puntos de salud, levanta el escudo. Cuando tienes 15 puntos de salud o más, avanza.",S1,S1,M,FINAL: S1,9,S1,S1,True,True,True,False,,1731.112,,stop,6
mistral-small3.2:24b-instruct-2506-q4_K_M,0,d5-health-difference-a,D5-P1,D5,es_standard,Tuteo Spanish,a_first,format_only,"Cuando tienes al menos 10 puntos de salud más que el rival, dispara. Cuando no tienes al menos 10 puntos de salud más que el rival, levanta el escudo.",B,B,S1,FINAL: S1,9,S1,S1,True,False,False,True,,1987.992,,stop,6
mistral-small3.2:24b-instruct-2506-q4_K_M,0,d1-shield-c,D1-P1,D1,es_rioplatense,Rioplatense voseo,a_first,format_only,"Cuando tenés el escudo levantado, bajalo. Cuando tenés el escudo bajo, dispará.",S0,S0,B,FINAL: S0,9,S0,S0,True,True,True,False,,1751.596,,stop,6
mistral-small3.2:24b-instruct-2506-q4_K_M,0,d5-health-difference-c,D5-P1,D5,es_rioplatense,Rioplatense voseo,b_first,format_only,"Cuando no tenés al menos 10 puntos de salud más que el rival, levantá el escudo. Cuando tenés al menos 10 puntos de salud más que el rival, dispará.",S1,S1,B,FINAL: S1,9,S1,S1,True,True,True,False,,2128.401,,stop,6
mistral-small3.2:24b-instruct-2506-q4_K_M,0,d1-health-d,D1-P2,D1,es_rioplatense,Rioplatense voseo,a_first,format_only,"Cuando tenés menos de 15 puntos de salud, levantá el escudo. Cuando tenés 15 puntos de salud o más, avanzá.",M,S1,M,FINAL: M,8,M,M,True,True,False,True,,1637.572,,stop,5
mistral-small3.2:24b-instruct-2506-q4_K_M,0,d2-x-compare-d,D2-P2,D2,es_rioplatense,Rioplatense voseo,a_first,format_only,"Cuando tu coordenada x es mayor que la del rival, girá 90 grados en sentido antihorario. Cuando tu coordenada x es menor o igual que la del rival, girá 90 grados en sentido horario.",A90.0,A90.0,C90.0,FINAL: A90,10,A90,A90.0,True,True,True,False,,2192.752,,stop,7
mistral-small3.2:24b-instruct-2506-q4_K_M,0,d1-shield-a,D1-P1,D1,es_rioplatense,Rioplatense voseo,b_first,format_only,"Cuando tenés el escudo bajo, dispará. Cuando tenés el escudo levantado, bajalo.",S0,B,S0,FINAL: S0,9,S0,S0,True,True,False,True,,1722.06,,stop,6
mistral-small3.2:24b-instruct-2506-q4_K_M,0,d5-health-difference-d,D5-P1,D5,es_standard,Tuteo Spanish,b_first,format_only,"Cuando no tienes al menos 10 puntos de salud más que el rival, levanta el escudo. Cuando tienes al menos 10 puntos de salud más que el rival, dispara.",B,S1,B,FINAL: S1,9,S1,S1,True,False,True,False,,2086.714,,stop,6
mistral-small3.2:24b-instruct-2506-q4_K_M,0,d5-health-difference-a,D5-P1,D5,es_rioplatense,Rioplatense voseo,b_first,format_only,"Cuando no tenés al menos 10 puntos de salud más que el rival, levantá el escudo. Cuando tenés al menos 10 puntos de salud más que el rival, dispará.",B,S1,B,FINAL: S1,9,S1,S1,True,False,True,False,,2124.769,,stop,6
mistral-small3.2:24b-instruct-2506-q4_K_M,0,d5-health-difference-b,D5-P1,D5,es_rioplatense,Rioplatense voseo,a_first,format_only,"Cuando tenés al menos 10 puntos de salud más que el rival, dispará. Cuando no tenés al menos 10 puntos de salud más que el rival, levantá el escudo.",S1,B,S1,FINAL: S1,9,S1,S1,True,True,False,True,,2108.34,,stop,6
mistral-small3.2:24b-instruct-2506-q4_K_M,0,d1-health-a,D1-P2,D1,es_rioplatense,Rioplatense voseo,b_first,format_only,"Cuando tenés 15 puntos de salud o más, avanzá. Cuando tenés menos de 15 puntos de salud, levantá el escudo.",S1,M,S1,FINAL: S1,9,S1,S1,True,True,False,True,,1785.455,,stop,6
mistral-small3.2:24b-instruct-2506-q4_K_M,0,d2-health-compare-a,D2-P1,D2,es_standard,Tuteo Spanish,b_first,format_only,"Cuando tienes tanta o más salud que el rival, dispara. Cuando tienes menos salud que el rival, levanta el escudo.",S1,B,S1,FINAL: B,8,B,B,True,False,True,False,,1797.917,,stop,5
mistral-small3.2:24b-instruct-2506-q4_K_M,0,d1-health-c,D1-P2,D1,es_rioplatense,Rioplatense voseo,a_first,format_only,"Cuando tenés menos de 15 puntos de salud, levantá el escudo. Cuando tenés 15 puntos de salud o más, avanzá.",M,S1,M,FINAL: M,8,M,M,True,True,False,True,,1798.254,,stop,5
mistral-small3.2:24b-instruct-2506-q4_K_M,0,d2-health-compare-c,D2-P1,D2,es_standard,Tuteo Spanish,b_first,format_only,"Cuando tienes tanta o más salud que el rival, dispara. Cuando tienes menos salud que el rival, levanta el escudo.",B,B,S1,FINAL: B,8,B,B,True,True,True,False,,1427.956,,stop,5
mistral-small3.2:24b-instruct-2506-q4_K_M,0,d3-xor-shields-b,D3-P2,D3,es_standard,Tuteo Spanish,b_first,format_only,"Cuando los dos escudos están en el mismo estado, dispara. Cuando exactamente uno de los dos escudos está levantado, avanza.",M,B,M,FINAL: M,8,M,M,True,True,False,True,,1768.086,,stop,5
mistral-small3.2:24b-instruct-2506-q4_K_M,0,d5-x-distance-c,D5-P2,D5,es_standard,Tuteo Spanish,a_first,format_only,"Primero calcula la distancia horizontal entre tu coordenada x y la coordenada x del rival. Cuando la distancia es de al menos 0.4, avanza 0.1. Cuando la distancia es menor que 0.4, gira 90 grados en sentido horario.",M0.1,M0.1,C90.0,FINAL: M0.1,11,M0.1,M0.1,True,True,True,False,,2079.985,,stop,8
mistral-small3.2:24b-instruct-2506-q4_K_M,0,d5-health-difference-b,D5-P1,D5,es_standard,Tuteo Spanish,b_first,format_only,"Cuando no tienes al menos 10 puntos de salud más que el rival, levanta el escudo. Cuando tienes al menos 10 puntos de salud más que el rival, dispara.",S1,S1,B,FINAL: S1,9,S1,S1,True,True,True,False,,2227.433,,stop,6
mistral-small3.2:24b-instruct-2506-q4_K_M,0,d2-x-compare-a,D2-P2,D2,es_standard,Tuteo Spanish,b_first,format_only,"Cuando tu coordenada x es menor o igual que la del rival, gira 90 grados en sentido horario. Cuando tu coordenada x es mayor que la del rival, gira 90 grados en sentido antihorario.",A90.0,C90.0,A90.0,FINAL: C90,10,C90,C90.0,True,False,True,False,,2390.493,,stop,7
mistral-small3.2:24b-instruct-2506-q4_K_M,0,d5-health-difference-b,D5-P1,D5,es_standard,Tuteo Spanish,a_first,format_only,"Cuando tienes al menos 10 puntos de salud más que el rival, dispara. Cuando no tienes al menos 10 puntos de salud más que el rival, levanta el escudo.",S1,B,S1,FINAL: S1,9,S1,S1,True,True,False,True,,2266.185,,stop,6
mistral-small3.2:24b-instruct-2506-q4_K_M,0,d3-conjunction-a,D3-P1,D3,es_rioplatense,Rioplatense voseo,b_first,format_only,"Cuando tenés 15 puntos de salud o más o el escudo está levantado, dispará. Cuando tenés menos de 15 puntos de salud y el escudo está bajo, levantá el escudo.",S1,B,S1,FINAL: B,8,B,B,True,False,True,False,,2213.747,,stop,5
mistral-small3.2:24b-instruct-2506-q4_K_M,0,d5-health-difference-a,D5-P1,D5,es_rioplatense,Rioplatense voseo,a_first,format_only,"Cuando tenés al menos 10 puntos de salud más que el rival, dispará. Cuando no tenés al menos 10 puntos de salud más que el rival, levantá el escudo.",B,B,S1,FINAL: S1,9,S1,S1,True,False,False,True,,2285.987,,stop,6
mistral-small3.2:24b-instruct-2506-q4_K_M,0,d3-conjunction-a,D3-P1,D3,es_standard,Tuteo Spanish,a_first,format_only,"Cuando tienes menos de 15 puntos de salud y el escudo está bajo, levanta el escudo. Cuando tienes 15 puntos de salud o más o el escudo está levantado, dispara.",S1,S1,B,FINAL: S1,9,S1,S1,True,True,True,False,,2331.33,,stop,6
mistral-small3.2:24b-instruct-2506-q4_K_M,0,d3-xor-shields-d,D3-P2,D3,es_rioplatense,Rioplatense voseo,a_first,format_only,"Cuando exactamente uno de los dos escudos está levantado, avanzá. Cuando los dos escudos están en el mismo estado, dispará.",B,M,B,FINAL: M,8,M,M,True,False,True,False,,1919.149,,stop,5
mistral-small3.2:24b-instruct-2506-q4_K_M,0,d5-x-distance-a,D5-P2,D5,es_standard,Tuteo Spanish,b_first,format_only,"Primero calcula la distancia horizontal entre tu coordenada x y la coordenada x del rival. Cuando la distancia es menor que 0.4, gira 90 grados en sentido horario. Cuando la distancia es de al menos 0.4, avanza 0.1.",M0.1,C90.0,M0.1,FINAL: M0.1,11,M0.1,M0.1,True,True,False,True,,2618.118,,stop,8
mistral-small3.2:24b-instruct-2506-q4_K_M,0,d1-health-d,D1-P2,D1,es_standard,Tuteo Spanish,b_first,format_only,"Cuando tienes 15 puntos de salud o más, avanza. Cuando tienes menos de 15 puntos de salud, levanta el escudo.",M,M,S1,FINAL: M,8,M,M,True,True,True,False,,1946.981,,stop,5
mistral-small3.2:24b-instruct-2506-q4_K_M,0,d2-health-compare-b,D2-P1,D2,es_rioplatense,Rioplatense voseo,a_first,format_only,"Cuando tenés menos salud que el rival, levantá el escudo. Cuando tenés tanta o más salud que el rival, dispará.",B,S1,B,FINAL: S1,9,S1,S1,True,False,True,False,,2047.394,,stop,6
mistral-small3.2:24b-instruct-2506-q4_K_M,0,d3-conjunction-c,D3-P1,D3,es_rioplatense,Rioplatense voseo,b_first,format_only,"Cuando tenés 15 puntos de salud o más o el escudo está levantado, dispará. Cuando tenés menos de 15 puntos de salud y el escudo está bajo, levantá el escudo.",B,B,S1,FINAL: B,8,B,B,True,True,True,False,,1620.511,,stop,5
mistral-small3.2:24b-instruct-2506-q4_K_M,0,d1-health-c,D1-P2,D1,es_rioplatense,Rioplatense voseo,b_first,format_only,"Cuando tenés 15 puntos de salud o más, avanzá. Cuando tenés menos de 15 puntos de salud, levantá el escudo.",M,M,S1,FINAL: M,8,M,M,True,True,True,False,,2006.25,,stop,5
mistral-small3.2:24b-instruct-2506-q4_K_M,0,d2-health-compare-c,D2-P1,D2,es_rioplatense,Rioplatense voseo,a_first,format_only,"Cuando tenés menos salud que el rival, levantá el escudo. Cuando tenés tanta o más salud que el rival, dispará.",B,S1,B,FINAL: S1,9,S1,S1,True,False,True,False,,1694.193,,stop,6
mistral-small3.2:24b-instruct-2506-q4_K_M,0,d3-conjunction-c,D3-P1,D3,es_standard,Tuteo Spanish,a_first,format_only,"Cuando tienes menos de 15 puntos de salud y el escudo está bajo, levanta el escudo. Cuando tienes 15 puntos de salud o más o el escudo está levantado, dispara.",B,S1,B,FINAL: S1,9,S1,S1,True,False,True,False,,2504.764,,stop,6
mistral-small3.2:24b-instruct-2506-q4_K_M,0,d1-health-d,D1-P2,D1,es_rioplatense,Rioplatense voseo,b_first,format_only,"Cuando tenés 15 puntos de salud o más, avanzá. Cuando tenés menos de 15 puntos de salud, levantá el escudo.",M,M,S1,FINAL: M,8,M,M,True,True,True,False,,2015.591,,stop,5
mistral-small3.2:24b-instruct-2506-q4_K_M,0,d3-xor-shields-c,D3-P2,D3,es_standard,Tuteo Spanish,a_first,format_only,"Cuando exactamente uno de los dos escudos está levantado, avanza. Cuando los dos escudos están en el mismo estado, dispara.",M,M,B,FINAL: M,8,M,M,True,True,True,False,,2015.933,,stop,5
mistral-small3.2:24b-instruct-2506-q4_K_M,0,d3-conjunction-b,D3-P1,D3,es_standard,Tuteo Spanish,a_first,format_only,"Cuando tienes menos de 15 puntos de salud y el escudo está bajo, levanta el escudo. Cuando tienes 15 puntos de salud o más o el escudo está levantado, dispara.",B,S1,B,FINAL: B,8,B,B,True,True,False,True,,2434.935,,stop,5
mistral-small3.2:24b-instruct-2506-q4_K_M,0,d1-health-c,D1-P2,D1,es_standard,Tuteo Spanish,b_first,format_only,"Cuando tienes 15 puntos de salud o más, avanza. Cuando tienes menos de 15 puntos de salud, levanta el escudo.",M,M,S1,FINAL: M,8,M,M,True,True,True,False,,2067.999,,stop,5
mistral-small3.2:24b-instruct-2506-q4_K_M,0,d2-x-compare-d,D2-P2,D2,es_standard,Tuteo Spanish,b_first,format_only,"Cuando tu coordenada x es menor o igual que la del rival, gira 90 grados en sentido horario. Cuando tu coordenada x es mayor que la del rival, gira 90 grados en sentido antihorario.",A90.0,C90.0,A90.0,FINAL: C90,10,C90,C90.0,True,False,True,False,,2769.13,,stop,7
mistral-small3.2:24b-instruct-2506-q4_K_M,0,d1-health-a,D1-P2,D1,es_rioplatense,Rioplatense voseo,a_first,format_only,"Cuando tenés menos de 15 puntos de salud, levantá el escudo. Cuando tenés 15 puntos de salud o más, avanzá.",S1,S1,M,FINAL: S1,9,S1,S1,True,True,True,False,,2261.485,,stop,6
mistral-small3.2:24b-instruct-2506-q4_K_M,0,d2-x-compare-b,D2-P2,D2,es_rioplatense,Rioplatense voseo,b_first,format_only,"Cuando tu coordenada x es menor o igual que la del rival, girá 90 grados en sentido horario. Cuando tu coordenada x es mayor que la del rival, girá 90 grados en sentido antihorario.",C90.0,C90.0,A90.0,FINAL: C90,10,C90,C90.0,True,True,True,False,,2826.621,,stop,7
mistral-small3.2:24b-instruct-2506-q4_K_M,0,d5-x-distance-a,D5-P2,D5,es_rioplatense,Rioplatense voseo,b_first,format_only,"Primero calculá la distancia horizontal entre tu coordenada x y la coordenada x del rival. Cuando la distancia es menor que 0.4, girá 90 grados en sentido horario. Cuando la distancia es de al menos 0.4, avanzá 0.1.",M0.1,C90.0,M0.1,FINAL: M0.1,11,M0.1,M0.1,True,True,False,True,,2547.224,,stop,8
mistral-small3.2:24b-instruct-2506-q4_K_M,0,d5-x-distance-c,D5-P2,D5,es_rioplatense,Rioplatense voseo,b_first,format_only,"Primero calculá la distancia horizontal entre tu coordenada x y la coordenada x del rival. Cuando la distancia es menor que 0.4, girá 90 grados en sentido horario. Cuando la distancia es de al menos 0.4, avanzá 0.1.",M0.1,C90.0,M0.1,FINAL: M0.1,11,M0.1,M0.1,True,True,False,True,,2580.233,,stop,8
mistral-small3.2:24b-instruct-2506-q4_K_M,0,d3-conjunction-c,D3-P1,D3,es_rioplatense,Rioplatense voseo,a_first,format_only,"Cuando tenés menos de 15 puntos de salud y el escudo está bajo, levantá el escudo. Cuando tenés 15 puntos de salud o más o el escudo está levantado, dispará.",B,S1,B,FINAL: S1,9,S1,S1,True,False,True,False,,2771.829,,stop,6
mistral-small3.2:24b-instruct-2506-q4_K_M,0,d2-health-compare-d,D2-P1,D2,es_rioplatense,Rioplatense voseo,a_first,format_only,"Cuando tenés menos salud que el rival, levantá el escudo. Cuando tenés tanta o más salud que el rival, dispará.",S1,S1,B,FINAL: S1,9,S1,S1,True,True,True,False,,2335.043,,stop,6
mistral-small3.2:24b-instruct-2506-q4_K_M,0,d3-conjunction-a,D3-P1,D3,es_standard,Tuteo Spanish,b_first,format_only,"Cuando tienes 15 puntos de salud o más o el escudo está levantado, dispara. Cuando tienes menos de 15 puntos de salud y el escudo está bajo, levanta el escudo.",S1,B,S1,FINAL: B,8,B,B,True,False,True,False,,2662.408,,stop,5
mistral-small3.2:24b-instruct-2506-q4_K_M,0,d2-x-compare-b,D2-P2,D2,es_standard,Tuteo Spanish,a_first,format_only,"Cuando tu coordenada x es mayor que la del rival, gira 90 grados en sentido antihorario. Cuando tu coordenada x es menor o igual que la del rival, gira 90 grados en sentido horario.",C90.0,A90.0,C90.0,FINAL: A90,10,A90,A90.0,True,False,True,False,,2894.676,,stop,7
mistral-small3.2:24b-instruct-2506-q4_K_M,0,d1-shield-d,D1-P1,D1,es_rioplatense,Rioplatense voseo,b_first,format_only,"Cuando tenés el escudo bajo, dispará. Cuando tenés el escudo levantado, bajalo.",B,B,S0,FINAL: B,8,B,B,True,True,True,False,,2302.137,,stop,5
mistral-small3.2:24b-instruct-2506-q4_K_M,0,d1-shield-b,D1-P1,D1,es_rioplatense,Rioplatense voseo,b_first,format_only,"Cuando tenés el escudo bajo, dispará. Cuando tenés el escudo levantado, bajalo.",B,B,S0,FINAL: B,8,B,B,True,True,True,False,,2266.777,,stop,5
mistral-small3.2:24b-instruct-2506-q4_K_M,0,d3-conjunction-b,D3-P1,D3,es_rioplatense,Rioplatense voseo,a_first,format_only,"Cuando tenés menos de 15 puntos de salud y el escudo está bajo, levantá el escudo. Cuando tenés 15 puntos de salud o más o el escudo está levantado, dispará.",B,S1,B,FINAL: B,8,B,B,True,True,False,True,,2699.774,,stop,5
mistral-small3.2:24b-instruct-2506-q4_K_M,0,d1-shield-a,D1-P1,D1,es_standard,Tuteo Spanish,b_first,format_only,"Cuando tienes el escudo bajo, dispara. Cuando tienes el escudo levantado, bájalo.",S0,B,S0,FINAL: S0,9,S0,S0,True,True,False,True,,2408.454,,stop,6
mistral-small3.2:24b-instruct-2506-q4_K_M,0,d5-x-distance-a,D5-P2,D5,es_rioplatense,Rioplatense voseo,a_first,format_only,"Primero calculá la distancia horizontal entre tu coordenada x y la coordenada x del rival. Cuando la distancia es de al menos 0.4, avanzá 0.1. Cuando la distancia es menor que 0.4, girá 90 grados en sentido horario.",M0.1,M0.1,C90.0,FINAL: M0.1,11,M0.1,M0.1,True,True,True,False,,3216.286,,stop,8
mistral-small3.2:24b-instruct-2506-q4_K_M,0,d5-x-distance-a,D5-P2,D5,es_standard,Tuteo Spanish,a_first,format_only,"Primero calcula la distancia horizontal entre tu coordenada x y la coordenada x del rival. Cuando la distancia es de al menos 0.4, avanza 0.1. Cuando la distancia es menor que 0.4, gira 90 grados en sentido horario.",M0.1,M0.1,C90.0,FINAL: M0.1,11,M0.1,M0.1,True,True,True,False,,1838.496,,stop,8
mistral-small3.2:24b-instruct-2506-q4_K_M,0,d2-x-compare-c,D2-P2,D2,es_rioplatense,Rioplatense voseo,a_first,format_only,"Cuando tu coordenada x es mayor que la del rival, girá 90 grados en sentido antihorario. Cuando tu coordenada x es menor o igual que la del rival, girá 90 grados en sentido horario.",C90.0,A90.0,C90.0,FINAL: A90,10,A90,A90.0,True,False,True,False,,2750.611,,stop,7
mistral-small3.2:24b-instruct-2506-q4_K_M,0,d2-health-compare-d,D2-P1,D2,es_rioplatense,Rioplatense voseo,b_first,format_only,"Cuando tenés tanta o más salud que el rival, dispará. Cuando tenés menos salud que el rival, levantá el escudo.",S1,B,S1,FINAL: B,8,B,B,True,False,True,False,,2393.349,,stop,5
mistral-small3.2:24b-instruct-2506-q4_K_M,0,d3-conjunction-d,D3-P1,D3,es_rioplatense,Rioplatense voseo,a_first,format_only,"Cuando tenés menos de 15 puntos de salud y el escudo está bajo, levantá el escudo. Cuando tenés 15 puntos de salud o más o el escudo está levantado, dispará.",B,S1,B,FINAL: B,8,B,B,True,True,False,True,,2836.153,,stop,5
mistral-small3.2:24b-instruct-2506-q4_K_M,0,d5-health-difference-d,D5-P1,D5,es_standard,Tuteo Spanish,a_first,format_only,"Cuando tienes al menos 10 puntos de salud más que el rival, dispara. Cuando no tienes al menos 10 puntos de salud más que el rival, levanta el escudo.",B,B,S1,FINAL: S1,9,S1,S1,True,False,False,True,,3028.172,,stop,6
mistral-small3.2:24b-instruct-2506-q4_K_M,0,d2-health-compare-b,D2-P1,D2,es_standard,Tuteo Spanish,b_first,format_only,"Cuando tienes tanta o más salud que el rival, dispara. Cuando tienes menos salud que el rival, levanta el escudo.",B,B,S1,FINAL: B,8,B,B,True,True,True,False,,2418.162,,stop,5
mistral-small3.2:24b-instruct-2506-q4_K_M,0,d2-health-compare-d,D2-P1,D2,es_standard,Tuteo Spanish,b_first,format_only,"Cuando tienes tanta o más salud que el rival, dispara. Cuando tienes menos salud que el rival, levanta el escudo.",S1,B,S1,FINAL: B,8,B,B,True,False,True,False,,2377.076,,stop,5
mistral-small3.2:24b-instruct-2506-q4_K_M,0,d5-health-difference-d,D5-P1,D5,es_rioplatense,Rioplatense voseo,a_first,format_only,"Cuando tenés al menos 10 puntos de salud más que el rival, dispará. Cuando no tenés al menos 10 puntos de salud más que el rival, levantá el escudo.",B,B,S1,FINAL: S1,9,S1,S1,True,False,False,True,,2991.122,,stop,6
mistral-small3.2:24b-instruct-2506-q4_K_M,0,d3-xor-shields-d,D3-P2,D3,es_rioplatense,Rioplatense voseo,b_first,format_only,"Cuando los dos escudos están en el mismo estado, dispará. Cuando exactamente uno de los dos escudos está levantado, avanzá.",B,B,M,FINAL: B,8,B,B,True,True,True,False,,2472.895,,stop,5
mistral-small3.2:24b-instruct-2506-q4_K_M,0,d2-health-compare-b,D2-P1,D2,es_standard,Tuteo Spanish,a_first,format_only,"Cuando tienes menos salud que el rival, levanta el escudo. Cuando tienes tanta o más salud que el rival, dispara.",B,S1,B,FINAL: S1,9,S1,S1,True,False,True,False,,2569.405,,stop,6
mistral-small3.2:24b-instruct-2506-q4_K_M,0,d5-x-distance-d,D5-P2,D5,es_rioplatense,Rioplatense voseo,a_first,format_only,"Primero calculá la distancia horizontal entre tu coordenada x y la coordenada x del rival. Cuando la distancia es de al menos 0.4, avanzá 0.1. Cuando la distancia es menor que 0.4, girá 90 grados en sentido horario.",C90.0,M0.1,C90.0,FINAL: M0.1,11,M0.1,M0.1,True,False,True,False,,3240.518,,stop,8
mistral-small3.2:24b-instruct-2506-q4_K_M,0,d3-xor-shields-d,D3-P2,D3,es_standard,Tuteo Spanish,a_first,format_only,"Cuando exactamente uno de los dos escudos está levantado, avanza. Cuando los dos escudos están en el mismo estado, dispara.",B,M,B,FINAL: B,8,B,B,True,True,False,True,,2348.651,,stop,5
mistral-small3.2:24b-instruct-2506-q4_K_M,0,d3-xor-shields-c,D3-P2,D3,es_standard,Tuteo Spanish,b_first,format_only,"Cuando los dos escudos están en el mismo estado, dispara. Cuando exactamente uno de los dos escudos está levantado, avanza.",M,B,M,FINAL: M,8,M,M,True,True,False,True,,1375.928,,stop,5
mistral-small3.2:24b-instruct-2506-q4_K_M,0,d3-conjunction-b,D3-P1,D3,es_standard,Tuteo Spanish,b_first,format_only,"Cuando tienes 15 puntos de salud o más o el escudo está levantado, dispara. Cuando tienes menos de 15 puntos de salud y el escudo está bajo, levanta el escudo.",B,B,S1,FINAL: B,8,B,B,True,True,True,False,,2737.85,,stop,5
mistral-small3.2:24b-instruct-2506-q4_K_M,0,d1-shield-a,D1-P1,D1,es_rioplatense,Rioplatense voseo,a_first,format_only,"Cuando tenés el escudo levantado, bajalo. Cuando tenés el escudo bajo, dispará.",S0,S0,B,FINAL: S0,9,S0,S0,True,True,True,False,,2385.484,,stop,6
mistral-small3.2:24b-instruct-2506-q4_K_M,0,d3-conjunction-c,D3-P1,D3,es_standard,Tuteo Spanish,b_first,format_only,"Cuando tienes 15 puntos de salud o más o el escudo está levantado, dispara. Cuando tienes menos de 15 puntos de salud y el escudo está bajo, levanta el escudo.",B,B,S1,FINAL: B,8,B,B,True,True,True,False,,2752.683,,stop,5
mistral-small3.2:24b-instruct-2506-q4_K_M,0,d1-shield-b,D1-P1,D1,es_standard,Tuteo Spanish,a_first,format_only,"Cuando tienes el escudo levantado, bájalo. Cuando tienes el escudo bajo, dispara.",B,S0,B,FINAL: S0,9,S0,S0,True,False,True,False,,2342.37,,stop,6
mistral-small3.2:24b-instruct-2506-q4_K_M,0,d5-x-distance-c,D5-P2,D5,es_standard,Tuteo Spanish,b_first,format_only,"Primero calcula la distancia horizontal entre tu coordenada x y la coordenada x del rival. Cuando la distancia es menor que 0.4, gira 90 grados en sentido horario. Cuando la distancia es de al menos 0.4, avanza 0.1.",M0.1,C90.0,M0.1,FINAL: M0.1,11,M0.1,M0.1,True,True,False,True,,3087.726,,stop,8
mistral-small3.2:24b-instruct-2506-q4_K_M,0,d5-x-distance-b,D5-P2,D5,es_rioplatense,Rioplatense voseo,b_first,format_only,"Primero calculá la distancia horizontal entre tu coordenada x y la coordenada x del rival. Cuando la distancia es menor que 0.4, girá 90 grados en sentido horario. Cuando la distancia es de al menos 0.4, avanzá 0.1.",C90.0,C90.0,M0.1,FINAL: M0.1,11,M0.1,M0.1,True,False,False,True,,2597.605,,stop,8
mistral-small3.2:24b-instruct-2506-q4_K_M,0,d2-x-compare-d,D2-P2,D2,es_standard,Tuteo Spanish,a_first,format_only,"Cuando tu coordenada x es mayor que la del rival, gira 90 grados en sentido antihorario. Cuando tu coordenada x es menor o igual que la del rival, gira 90 grados en sentido horario.",A90.0,A90.0,C90.0,FINAL: A90,10,A90,A90.0,True,True,True,False,,2476.861,,stop,7
mistral-small3.2:24b-instruct-2506-q4_K_M,0,d5-x-distance-d,D5-P2,D5,es_rioplatense,Rioplatense voseo,b_first,format_only,"Primero calculá la distancia horizontal entre tu coordenada x y la coordenada x del rival. Cuando la distancia es menor que 0.4, girá 90 grados en sentido horario. Cuando la distancia es de al menos 0.4, avanzá 0.1.",C90.0,C90.0,M0.1,FINAL: M0.1,11,M0.1,M0.1,True,False,False,True,,2580.91,,stop,8
mistral-small3.2:24b-instruct-2506-q4_K_M,0,d2-health-compare-b,D2-P1,D2,es_rioplatense,Rioplatense voseo,b_first,format_only,"Cuando tenés tanta o más salud que el rival, dispará. Cuando tenés menos salud que el rival, levantá el escudo.",B,B,S1,FINAL: B,8,B,B,True,True,True,False,,2213.608,,stop,5
mistral-small3.2:24b-instruct-2506-q4_K_M,0,d2-x-compare-d,D2-P2,D2,es_rioplatense,Rioplatense voseo,b_first,format_only,"Cuando tu coordenada x es menor o igual que la del rival, girá 90 grados en sentido horario. Cuando tu coordenada x es mayor que la del rival, girá 90 grados en sentido antihorario.",A90.0,C90.0,A90.0,FINAL: C90,10,C90,C90.0,True,False,True,False,,2853.269,,stop,7
mistral-small3.2:24b-instruct-2506-q4_K_M,0,d3-conjunction-b,D3-P1,D3,es_rioplatense,Rioplatense voseo,b_first,format_only,"Cuando tenés 15 puntos de salud o más o el escudo está levantado, dispará. Cuando tenés menos de 15 puntos de salud y el escudo está bajo, levantá el escudo.",B,B,S1,FINAL: B,8,B,B,True,True,True,False,,2606.195,,stop,5
mistral-small3.2:24b-instruct-2506-q4_K_M,0,d3-conjunction-d,D3-P1,D3,es_rioplatense,Rioplatense voseo,b_first,format_only,"Cuando tenés 15 puntos de salud o más o el escudo está levantado, dispará. Cuando tenés menos de 15 puntos de salud y el escudo está bajo, levantá el escudo.",B,B,S1,FINAL: B,8,B,B,True,True,True,False,,2518.825,,stop,5
mistral-small3.2:24b-instruct-2506-q4_K_M,0,d1-shield-d,D1-P1,D1,es_standard,Tuteo Spanish,b_first,format_only,"Cuando tienes el escudo bajo, dispara. Cuando tienes el escudo levantado, bájalo.",B,B,S0,FINAL: B,8,B,B,True,True,True,False,,2095.473,,stop,5
mistral-small3.2:24b-instruct-2506-q4_K_M,0,d2-x-compare-c,D2-P2,D2,es_standard,Tuteo Spanish,a_first,format_only,"Cuando tu coordenada x es mayor que la del rival, gira 90 grados en sentido antihorario. Cuando tu coordenada x es menor o igual que la del rival, gira 90 grados en sentido horario.",C90.0,A90.0,C90.0,FINAL: A90,10,A90,A90.0,True,False,True,False,,2763.468,,stop,7
mistral-small3.2:24b-instruct-2506-q4_K_M,0,d1-shield-c,D1-P1,D1,es_rioplatense,Rioplatense voseo,b_first,format_only,"Cuando tenés el escudo bajo, dispará. Cuando tenés el escudo levantado, bajalo.",S0,B,S0,FINAL: S0,9,S0,S0,True,True,False,True,,2195.013,,stop,6
mistral-small3.2:24b-instruct-2506-q4_K_M,0,d3-xor-shields-c,D3-P2,D3,es_rioplatense,Rioplatense voseo,a_first,format_only,"Cuando exactamente uno de los dos escudos está levantado, avanzá. Cuando los dos escudos están en el mismo estado, dispará.",M,M,B,FINAL: M,8,M,M,True,True,True,False,,2085.587,,stop,5
mistral-small3.2:24b-instruct-2506-q4_K_M,0,d3-xor-shields-a,D3-P2,D3,es_rioplatense,Rioplatense voseo,a_first,format_only,"Cuando exactamente uno de los dos escudos está levantado, avanzá. Cuando los dos escudos están en el mismo estado, dispará.",B,M,B,FINAL: B,8,B,B,True,True,False,True,,2046.21,,stop,5
mistral-small3.2:24b-instruct-2506-q4_K_M,0,d5-health-difference-c,D5-P1,D5,es_standard,Tuteo Spanish,a_first,format_only,"Cuando tienes al menos 10 puntos de salud más que el rival, dispara. Cuando no tienes al menos 10 puntos de salud más que el rival, levanta el escudo.",S1,B,S1,FINAL: S1,9,S1,S1,True,True,False,True,,2503.378,,stop,6
mistral-small3.2:24b-instruct-2506-q4_K_M,0,d1-health-b,D1-P2,D1,es_rioplatense,Rioplatense voseo,a_first,format_only,"Cuando tenés menos de 15 puntos de salud, levantá el escudo. Cuando tenés 15 puntos de salud o más, avanzá.",S1,S1,M,FINAL: S1,9,S1,S1,True,True,True,False,,2177.123,,stop,6
mistral-small3.2:24b-instruct-2506-q4_K_M,0,d2-health-compare-a,D2-P1,D2,es_standard,Tuteo Spanish,a_first,format_only,"Cuando tienes menos salud que el rival, levanta el escudo. Cuando tienes tanta o más salud que el rival, dispara.",S1,S1,B,FINAL: S1,9,S1,S1,True,True,True,False,,2134.289,,stop,6
mistral-small3.2:24b-instruct-2506-q4_K_M,0,d2-x-compare-c,D2-P2,D2,es_rioplatense,Rioplatense voseo,b_first,format_only,"Cuando tu coordenada x es menor o igual que la del rival, girá 90 grados en sentido horario. Cuando tu coordenada x es mayor que la del rival, girá 90 grados en sentido antihorario.",C90.0,C90.0,A90.0,FINAL: C90,10,C90,C90.0,True,True,True,False,,2676.184,,stop,7
mistral-small3.2:24b-instruct-2506-q4_K_M,0,d1-health-b,D1-P2,D1,es_standard,Tuteo Spanish,a_first,format_only,"Cuando tienes menos de 15 puntos de salud, levanta el escudo. Cuando tienes 15 puntos de salud o más, avanza.",S1,S1,M,FINAL: S1,9,S1,S1,True,True,True,False,,2127.267,,stop,6
mistral-small3.2:24b-instruct-2506-q4_K_M,0,d5-health-difference-a,D5-P1,D5,es_standard,Tuteo Spanish,b_first,format_only,"Cuando no tienes al menos 10 puntos de salud más que el rival, levanta el escudo. Cuando tienes al menos 10 puntos de salud más que el rival, dispara.",B,S1,B,FINAL: S1,9,S1,S1,True,False,True,False,,2505.921,,stop,6
mistral-small3.2:24b-instruct-2506-q4_K_M,0,d1-health-d,D1-P2,D1,es_standard,Tuteo Spanish,a_first,format_only,"Cuando tienes menos de 15 puntos de salud, levanta el escudo. Cuando tienes 15 puntos de salud o más, avanza.",M,S1,M,FINAL: M,8,M,M,True,True,False,True,,2008.61,,stop,5
mistral-small3.2:24b-instruct-2506-q4_K_M,0,d3-xor-shields-b,D3-P2,D3,es_rioplatense,Rioplatense voseo,a_first,format_only,"Cuando exactamente uno de los dos escudos está levantado, avanzá. Cuando los dos escudos están en el mismo estado, dispará.",M,M,B,FINAL: M,8,M,M,True,True,True,False,,2021.336,,stop,5
mistral-small3.2:24b-instruct-2506-q4_K_M,0,d5-x-distance-c,D5-P2,D5,es_rioplatense,Rioplatense voseo,a_first,format_only,"Primero calculá la distancia horizontal entre tu coordenada x y la coordenada x del rival. Cuando la distancia es de al menos 0.4, avanzá 0.1. Cuando la distancia es menor que 0.4, girá 90 grados en sentido horario.",M0.1,M0.1,C90.0,FINAL: M0.1,11,M0.1,M0.1,True,True,True,False,,2285.842,,stop,8
mistral-small3.2:24b-instruct-2506-q4_K_M,0,d2-health-compare-d,D2-P1,D2,es_standard,Tuteo Spanish,a_first,format_only,"Cuando tienes menos salud que el rival, levanta el escudo. Cuando tienes tanta o más salud que el rival, dispara.",S1,S1,B,FINAL: S1,9,S1,S1,True,True,True,False,,2089.527,,stop,6
mistral-small3.2:24b-instruct-2506-q4_K_M,0,d1-shield-b,D1-P1,D1,es_rioplatense,Rioplatense voseo,a_first,format_only,"Cuando tenés el escudo levantado, bajalo. Cuando tenés el escudo bajo, dispará.",B,S0,B,FINAL: S0,9,S0,S0,True,False,True,False,,2064.775,,stop,6
mistral-small3.2:24b-instruct-2506-q4_K_M,0,d1-shield-d,D1-P1,D1,es_standard,Tuteo Spanish,a_first,format_only,"Cuando tienes el escudo levantado, bájalo. Cuando tienes el escudo bajo, dispara.",B,S0,B,FINAL: B,8,B,B,True,True,False,True,,1917.607,,stop,5
mistral-small3.2:24b-instruct-2506-q4_K_M,0,d2-health-compare-c,D2-P1,D2,es_standard,Tuteo Spanish,a_first,format_only,"Cuando tienes menos salud que el rival, levanta el escudo. Cuando tienes tanta o más salud que el rival, dispara.",B,S1,B,FINAL: S1,9,S1,S1,True,False,True,False,,2040.553,,stop,6
mistral-small3.2:24b-instruct-2506-q4_K_M,0,d3-xor-shields-b,D3-P2,D3,es_standard,Tuteo Spanish,a_first,format_only,"Cuando exactamente uno de los dos escudos está levantado, avanza. Cuando los dos escudos están en el mismo estado, dispara.",M,M,B,FINAL: B,8,B,B,True,False,False,True,,1906.429,,stop,5
mistral-small3.2:24b-instruct-2506-q4_K_M,0,d2-health-compare-a,D2-P1,D2,es_rioplatense,Rioplatense voseo,b_first,format_only,"Cuando tenés tanta o más salud que el rival, dispará. Cuando tenés menos salud que el rival, levantá el escudo.",S1,B,S1,FINAL: B,8,B,B,True,False,True,False,,1940.241,,stop,5
mistral-small3.2:24b-instruct-2506-q4_K_M,0,d1-health-c,D1-P2,D1,es_standard,Tuteo Spanish,a_first,format_only,"Cuando tienes menos de 15 puntos de salud, levanta el escudo. Cuando tienes 15 puntos de salud o más, avanza.",M,S1,M,FINAL: S1,9,S1,S1,True,False,True,False,,2121.956,,stop,6
mistral-small3.2:24b-instruct-2506-q4_K_M,0,d1-shield-a,D1-P1,D1,es_standard,Tuteo Spanish,a_first,format_only,"Cuando tienes el escudo levantado, bájalo. Cuando tienes el escudo bajo, dispara.",S0,S0,B,FINAL: S0,9,S0,S0,True,True,True,False,,2039.797,,stop,6
mistral-small3.2:24b-instruct-2506-q4_K_M,0,d5-health-difference-d,D5-P1,D5,es_rioplatense,Rioplatense voseo,b_first,format_only,"Cuando no tenés al menos 10 puntos de salud más que el rival, levantá el escudo. Cuando tenés al menos 10 puntos de salud más que el rival, dispará.",B,S1,B,FINAL: S1,9,S1,S1,True,False,True,False,,2445.141,,stop,6
mistral-small3.2:24b-instruct-2506-q4_K_M,0,d1-shield-c,D1-P1,D1,es_standard,Tuteo Spanish,b_first,format_only,"Cuando tienes el escudo bajo, dispara. Cuando tienes el escudo levantado, bájalo.",S0,B,S0,FINAL: S0,9,S0,S0,True,True,False,True,,1986.14,,stop,6
mistral-small3.2:24b-instruct-2506-q4_K_M,0,d5-health-difference-c,D5-P1,D5,es_rioplatense,Rioplatense voseo,a_first,format_only,"Cuando tenés al menos 10 puntos de salud más que el rival, dispará. Cuando no tenés al menos 10 puntos de salud más que el rival, levantá el escudo.",S1,B,S1,FINAL: S1,9,S1,S1,True,True,False,True,,2279.231,,stop,6
mistral-small3.2:24b-instruct-2506-q4_K_M,0,d2-x-compare-b,D2-P2,D2,es_rioplatense,Rioplatense voseo,a_first,format_only,"Cuando tu coordenada x es mayor que la del rival, girá 90 grados en sentido antihorario. Cuando tu coordenada x es menor o igual que la del rival, girá 90 grados en sentido horario.",C90.0,A90.0,C90.0,FINAL: A90,10,A90,A90.0,True,False,True,False,,2472.497,,stop,7
mistral-small3.2:24b-instruct-2506-q4_K_M,0,d5-health-difference-c,D5-P1,D5,es_standard,Tuteo Spanish,b_first,format_only,"Cuando no tienes al menos 10 puntos de salud más que el rival, levanta el escudo. Cuando tienes al menos 10 puntos de salud más que el rival, dispara.",S1,S1,B,FINAL: S1,9,S1,S1,True,True,True,False,,2368.452,,stop,6
mistral-small3.2:24b-instruct-2506-q4_K_M,0,d2-health-compare-c,D2-P1,D2,es_rioplatense,Rioplatense voseo,b_first,format_only,"Cuando tenés tanta o más salud que el rival, dispará. Cuando tenés menos salud que el rival, levantá el escudo.",B,B,S1,FINAL: B,8,B,B,True,True,True,False,,1866.442,,stop,5
mistral-small3.2:24b-instruct-2506-q4_K_M,0,d5-x-distance-d,D5-P2,D5,es_standard,Tuteo Spanish,a_first,format_only,"Primero calcula la distancia horizontal entre tu coordenada x y la coordenada x del rival. Cuando la distancia es de al menos 0.4, avanza 0.1. Cuando la distancia es menor que 0.4, gira 90 grados en sentido horario.",C90.0,M0.1,C90.0,FINAL: M0.1,11,M0.1,M0.1,True,False,True,False,,2469.13,,stop,8
mistral-small3.2:24b-instruct-2506-q4_K_M,0,d1-health-b,D1-P2,D1,es_rioplatense,Rioplatense voseo,b_first,format_only,"Cuando tenés 15 puntos de salud o más, avanzá. Cuando tenés menos de 15 puntos de salud, levantá el escudo.",S1,M,S1,FINAL: M,8,M,M,True,False,True,False,,1791.175,,stop,5
mistral-small3.2:24b-instruct-2506-q4_K_M,0,d5-health-difference-b,D5-P1,D5,es_rioplatense,Rioplatense voseo,b_first,format_only,"Cuando no tenés al menos 10 puntos de salud más que el rival, levantá el escudo. Cuando tenés al menos 10 puntos de salud más que el rival, dispará.",S1,S1,B,FINAL: S1,9,S1,S1,True,True,True,False,,2229.699,,stop,6
mistral-small3.2:24b-instruct-2506-q4_K_M,0,d3-xor-shields-a,D3-P2,D3,es_standard,Tuteo Spanish,b_first,format_only,"Cuando los dos escudos están en el mismo estado, dispara. Cuando exactamente uno de los dos escudos está levantado, avanza.",B,B,M,FINAL: M,8,M,M,True,False,False,True,,1725.011,,stop,5
mistral-small3.2:24b-instruct-2506-q4_K_M,0,d2-health-compare-a,D2-P1,D2,es_rioplatense,Rioplatense voseo,a_first,format_only,"Cuando tenés menos salud que el rival, levantá el escudo. Cuando tenés tanta o más salud que el rival, dispará.",S1,S1,B,FINAL: S1,9,S1,S1,True,True,True,False,,1927.287,,stop,6
mistral-small3.2:24b-instruct-2506-q4_K_M,0,d1-health-a,D1-P2,D1,es_standard,Tuteo Spanish,b_first,format_only,"Cuando tienes 15 puntos de salud o más, avanza. Cuando tienes menos de 15 puntos de salud, levanta el escudo.",S1,M,S1,FINAL: M,8,M,M,True,False,True,False,,1805.561,,stop,5
qwen3:30b-a3b-instruct-2507-q4_K_M,0,d3-xor-shields-d,D3-P2,D3,es_standard,Tuteo Spanish,b_first,format_only,"Cuando los dos escudos están en el mismo estado, dispara. Cuando exactamente uno de los dos escudos está levantado, avanza.",B,B,M,FINAL: B,8,B,B,True,True,True,False,,13398.815,,stop,4
qwen3:30b-a3b-instruct-2507-q4_K_M,0,d2-health-compare-c,D2-P1,D2,es_rioplatense,Rioplatense voseo,a_first,format_only,"Cuando tenés menos salud que el rival, levantá el escudo. Cuando tenés tanta o más salud que el rival, dispará.",B,S1,B,FINAL: S,8,S,S,True,False,False,False,,361.774,,stop,4
qwen3:30b-a3b-instruct-2507-q4_K_M,0,d2-x-compare-a,D2-P2,D2,es_standard,Tuteo Spanish,a_first,format_only,"Cuando tu coordenada x es mayor que la del rival, gira 90 grados en sentido antihorario. Cuando tu coordenada x es menor o igual que la del rival, gira 90 grados en sentido horario.",A90.0,A90.0,C90.0,FINAL: A90,10,A90,A90.0,True,True,True,False,,415.145,,stop,6
qwen3:30b-a3b-instruct-2507-q4_K_M,0,d1-shield-d,D1-P1,D1,es_standard,Tuteo Spanish,a_first,format_only,"Cuando tienes el escudo levantado, bájalo. Cuando tienes el escudo bajo, dispara.",B,S0,B,FINAL: S,8,S,S,True,False,False,False,,363.686,,stop,4
qwen3:30b-a3b-instruct-2507-q4_K_M,0,d1-shield-b,D1-P1,D1,es_rioplatense,Rioplatense voseo,a_first,format_only,"Cuando tenés el escudo levantado, bajalo. Cuando tenés el escudo bajo, dispará.",B,S0,B,FINAL: S0,9,S0,S0,True,False,True,False,,410.927,,stop,5
qwen3:30b-a3b-instruct-2507-q4_K_M,0,d2-health-compare-c,D2-P1,D2,es_rioplatense,Rioplatense voseo,b_first,format_only,"Cuando tenés tanta o más salud que el rival, dispará. Cuando tenés menos salud que el rival, levantá el escudo.",B,B,S1,FINAL: B,8,B,B,True,True,True,False,,475.793,,stop,4
qwen3:30b-a3b-instruct-2507-q4_K_M,0,d5-x-distance-c,D5-P2,D5,es_rioplatense,Rioplatense voseo,b_first,format_only,"Primero calculá la distancia horizontal entre tu coordenada x y la coordenada x del rival. Cuando la distancia es menor que 0.4, girá 90 grados en sentido horario. Cuando la distancia es de al menos 0.4, avanzá 0.1.",M0.1,C90.0,M0.1,FINAL: C90,10,C90,C90.0,True,False,True,False,,592.965,,stop,6
qwen3:30b-a3b-instruct-2507-q4_K_M,0,d1-health-a,D1-P2,D1,es_standard,Tuteo Spanish,b_first,format_only,"Cuando tienes 15 puntos de salud o más, avanza. Cuando tienes menos de 15 puntos de salud, levanta el escudo.",S1,M,S1,FINAL: S,8,S,S,True,False,False,False,,592.847,,stop,4
qwen3:30b-a3b-instruct-2507-q4_K_M,0,d5-health-difference-b,D5-P1,D5,es_rioplatense,Rioplatense voseo,b_first,format_only,"Cuando no tenés al menos 10 puntos de salud más que el rival, levantá el escudo. Cuando tenés al menos 10 puntos de salud más que el rival, dispará.",S1,S1,B,FINAL: S,8,S,S,True,False,False,False,,703.953,,stop,4
qwen3:30b-a3b-instruct-2507-q4_K_M,0,d3-xor-shields-c,D3-P2,D3,es_rioplatense,Rioplatense voseo,b_first,format_only,"Cuando los dos escudos están en el mismo estado, dispará. Cuando exactamente uno de los dos escudos está levantado, avanzá.",M,B,M,FINAL: B,8,B,B,True,False,True,False,,621.224,,stop,4
qwen3:30b-a3b-instruct-2507-q4_K_M,0,d2-x-compare-b,D2-P2,D2,es_rioplatense,Rioplatense voseo,b_first,format_only,"Cuando tu coordenada x es menor o igual que la del rival, girá 90 grados en sentido horario. Cuando tu coordenada x es mayor que la del rival, girá 90 grados en sentido antihorario.",C90.0,C90.0,A90.0,FINAL: C90,10,C90,C90.0,True,True,True,False,,579.464,,stop,6
qwen3:30b-a3b-instruct-2507-q4_K_M,0,d5-health-difference-c,D5-P1,D5,es_standard,Tuteo Spanish,a_first,format_only,"Cuando tienes al menos 10 puntos de salud más que el rival, dispara. Cuando no tienes al menos 10 puntos de salud más que el rival, levanta el escudo.",S1,B,S1,FINAL: B,8,B,B,True,False,True,False,,491.942,,stop,4
qwen3:30b-a3b-instruct-2507-q4_K_M,0,d1-shield-a,D1-P1,D1,es_rioplatense,Rioplatense voseo,a_first,format_only,"Cuando tenés el escudo levantado, bajalo. Cuando tenés el escudo bajo, dispará.",S0,S0,B,FINAL: S0,9,S0,S0,True,True,True,False,,445.22,,stop,5
qwen3:30b-a3b-instruct-2507-q4_K_M,0,d5-x-distance-b,D5-P2,D5,es_rioplatense,Rioplatense voseo,a_first,format_only,"Primero calculá la distancia horizontal entre tu coordenada x y la coordenada x del rival. Cuando la distancia es de al menos 0.4, avanzá 0.1. Cuando la distancia es menor que 0.4, girá 90 grados en sentido horario.",C90.0,M0.1,C90.0,FINAL: C90,10,C90,C90.0,True,True,False,True,,504.322,,stop,6
qwen3:30b-a3b-instruct-2507-q4_K_M,0,d3-conjunction-a,D3-P1,D3,es_standard,Tuteo Spanish,a_first,format_only,"Cuando tienes menos de 15 puntos de salud y el escudo está bajo, levanta el escudo. Cuando tienes 15 puntos de salud o más o el escudo está levantado, dispara.",S1,S1,B,FINAL: S,8,S,S,True,False,False,False,,439.432,,stop,4
qwen3:30b-a3b-instruct-2507-q4_K_M,0,d2-x-compare-b,D2-P2,D2,es_standard,Tuteo Spanish,b_first,format_only,"Cuando tu coordenada x es menor o igual que la del rival, gira 90 grados en sentido horario. Cuando tu coordenada x es mayor que la del rival, gira 90 grados en sentido antihorario.",C90.0,C90.0,A90.0,FINAL: C90,10,C90,C90.0,True,True,True,False,,480.547,,stop,6
qwen3:30b-a3b-instruct-2507-q4_K_M,0,d5-x-distance-b,D5-P2,D5,es_standard,Tuteo Spanish,a_first,format_only,"Primero calcula la distancia horizontal entre tu coordenada x y la coordenada x del rival. Cuando la distancia es de al menos 0.4, avanza 0.1. Cuando la distancia es menor que 0.4, gira 90 grados en sentido horario.",C90.0,M0.1,C90.0,FINAL: M0.1,11,M0.1,M0.1,True,False,True,False,,467.924,,stop,7
qwen3:30b-a3b-instruct-2507-q4_K_M,0,d1-health-d,D1-P2,D1,es_standard,Tuteo Spanish,a_first,format_only,"Cuando tienes menos de 15 puntos de salud, levanta el escudo. Cuando tienes 15 puntos de salud o más, avanza.",M,S1,M,FINAL: S,8,S,S,True,False,False,False,,409.1,,stop,4
qwen3:30b-a3b-instruct-2507-q4_K_M,0,d3-conjunction-a,D3-P1,D3,es_rioplatense,Rioplatense voseo,a_first,format_only,"Cuando tenés menos de 15 puntos de salud y el escudo está bajo, levantá el escudo. Cuando tenés 15 puntos de salud o más o el escudo está levantado, dispará.",S1,S1,B,FINAL: S,8,S,S,True,False,False,False,,441.473,,stop,4
qwen3:30b-a3b-instruct-2507-q4_K_M,0,d1-shield-a,D1-P1,D1,es_rioplatense,Rioplatense voseo,b_first,format_only,"Cuando tenés el escudo bajo, dispará. Cuando tenés el escudo levantado, bajalo.",S0,B,S0,FINAL: B,8,B,B,True,False,True,False,,426.189,,stop,4
qwen3:30b-a3b-instruct-2507-q4_K_M,0,d2-health-compare-b,D2-P1,D2,es_rioplatense,Rioplatense voseo,a_first,format_only,"Cuando tenés menos salud que el rival, levantá el escudo. Cuando tenés tanta o más salud que el rival, dispará.",B,S1,B,FINAL: S,8,S,S,True,False,False,False,,432.233,,stop,4
qwen3:30b-a3b-instruct-2507-q4_K_M,0,d5-health-difference-b,D5-P1,D5,es_rioplatense,Rioplatense voseo,a_first,format_only,"Cuando tenés al menos 10 puntos de salud más que el rival, dispará. Cuando no tenés al menos 10 puntos de salud más que el rival, levantá el escudo.",S1,B,S1,FINAL: S,8,S,S,True,False,False,False,,464.448,,stop,4
qwen3:30b-a3b-instruct-2507-q4_K_M,0,d3-xor-shields-b,D3-P2,D3,es_rioplatense,Rioplatense voseo,a_first,format_only,"Cuando exactamente uno de los dos escudos está levantado, avanzá. Cuando los dos escudos están en el mismo estado, dispará.",M,M,B,FINAL: M,8,M,M,True,True,True,False,,451.845,,stop,4
qwen3:30b-a3b-instruct-2507-q4_K_M,0,d3-xor-shields-a,D3-P2,D3,es_rioplatense,Rioplatense voseo,a_first,format_only,"Cuando exactamente uno de los dos escudos está levantado, avanzá. Cuando los dos escudos están en el mismo estado, dispará.",B,M,B,FINAL: M,8,M,M,True,False,True,False,,379.965,,stop,4
qwen3:30b-a3b-instruct-2507-q4_K_M,0,d5-health-difference-b,D5-P1,D5,es_standard,Tuteo Spanish,b_first,format_only,"Cuando no tienes al menos 10 puntos de salud más que el rival, levanta el escudo. Cuando tienes al menos 10 puntos de salud más que el rival, dispara.",S1,S1,B,FINAL: S,8,S,S,True,False,False,False,,485.798,,stop,4
qwen3:30b-a3b-instruct-2507-q4_K_M,0,d2-health-compare-a,D2-P1,D2,es_rioplatense,Rioplatense voseo,b_first,format_only,"Cuando tenés tanta o más salud que el rival, dispará. Cuando tenés menos salud que el rival, levantá el escudo.",S1,B,S1,FINAL: B,8,B,B,True,False,True,False,,465.976,,stop,4
qwen3:30b-a3b-instruct-2507-q4_K_M,0,d1-health-c,D1-P2,D1,es_standard,Tuteo Spanish,a_first,format_only,"Cuando tienes menos de 15 puntos de salud, levanta el escudo. Cuando tienes 15 puntos de salud o más, avanza.",M,S1,M,FINAL: S,8,S,S,True,False,False,False,,460.067,,stop,4
qwen3:30b-a3b-instruct-2507-q4_K_M,0,d5-x-distance-a,D5-P2,D5,es_standard,Tuteo Spanish,b_first,format_only,"Primero calcula la distancia horizontal entre tu coordenada x y la coordenada x del rival. Cuando la distancia es menor que 0.4, gira 90 grados en sentido horario. Cuando la distancia es de al menos 0.4, avanza 0.1.",M0.1,C90.0,M0.1,FINAL: C90,10,C90,C90.0,True,False,True,False,,529.648,,stop,6
qwen3:30b-a3b-instruct-2507-q4_K_M,0,d3-conjunction-c,D3-P1,D3,es_standard,Tuteo Spanish,b_first,format_only,"Cuando tienes 15 puntos de salud o más o el escudo está levantado, dispara. Cuando tienes menos de 15 puntos de salud y el escudo está bajo, levanta el escudo.",B,B,S1,FINAL: B,8,B,B,True,True,True,False,,466.547,,stop,4
qwen3:30b-a3b-instruct-2507-q4_K_M,0,d5-x-distance-d,D5-P2,D5,es_standard,Tuteo Spanish,b_first,format_only,"Primero calcula la distancia horizontal entre tu coordenada x y la coordenada x del rival. Cuando la distancia es menor que 0.4, gira 90 grados en sentido horario. Cuando la distancia es de al menos 0.4, avanza 0.1.",C90.0,C90.0,M0.1,FINAL: C90,10,C90,C90.0,True,True,True,False,,507.809,,stop,6
qwen3:30b-a3b-instruct-2507-q4_K_M,0,d1-health-b,D1-P2,D1,es_standard,Tuteo Spanish,a_first,format_only,"Cuando tienes menos de 15 puntos de salud, levanta el escudo. Cuando tienes 15 puntos de salud o más, avanza.",S1,S1,M,FINAL: S,8,S,S,True,False,False,False,,445.972,,stop,4
qwen3:30b-a3b-instruct-2507-q4_K_M,0,d2-x-compare-c,D2-P2,D2,es_standard,Tuteo Spanish,a_first,format_only,"Cuando tu coordenada x es mayor que la del rival, gira 90 grados en sentido antihorario. Cuando tu coordenada x es menor o igual que la del rival, gira 90 grados en sentido horario.",C90.0,A90.0,C90.0,FINAL: A90,10,A90,A90.0,True,False,True,False,,503.24,,stop,6
qwen3:30b-a3b-instruct-2507-q4_K_M,0,d5-x-distance-c,D5-P2,D5,es_standard,Tuteo Spanish,a_first,format_only,"Primero calcula la distancia horizontal entre tu coordenada x y la coordenada x del rival. Cuando la distancia es de al menos 0.4, avanza 0.1. Cuando la distancia es menor que 0.4, gira 90 grados en sentido horario.",M0.1,M0.1,C90.0,FINAL: M0.1,11,M0.1,M0.1,True,True,True,False,,491.51,,stop,7
qwen3:30b-a3b-instruct-2507-q4_K_M,0,d2-x-compare-d,D2-P2,D2,es_standard,Tuteo Spanish,a_first,format_only,"Cuando tu coordenada x es mayor que la del rival, gira 90 grados en sentido antihorario. Cuando tu coordenada x es menor o igual que la del rival, gira 90 grados en sentido horario.",A90.0,A90.0,C90.0,FINAL: A90,10,A90,A90.0,True,True,True,False,,460.674,,stop,6
qwen3:30b-a3b-instruct-2507-q4_K_M,0,d3-conjunction-b,D3-P1,D3,es_rioplatense,Rioplatense voseo,b_first,format_only,"Cuando tenés 15 puntos de salud o más o el escudo está levantado, dispará. Cuando tenés menos de 15 puntos de salud y el escudo está bajo, levantá el escudo.",B,B,S1,FINAL: B,8,B,B,True,True,True,False,,454.171,,stop,4
qwen3:30b-a3b-instruct-2507-q4_K_M,0,d5-health-difference-d,D5-P1,D5,es_rioplatense,Rioplatense voseo,a_first,format_only,"Cuando tenés al menos 10 puntos de salud más que el rival, dispará. Cuando no tenés al menos 10 puntos de salud más que el rival, levantá el escudo.",B,B,S1,FINAL: S,8,S,S,True,False,False,False,,450.357,,stop,4
qwen3:30b-a3b-instruct-2507-q4_K_M,0,d1-shield-c,D1-P1,D1,es_rioplatense,Rioplatense voseo,a_first,format_only,"Cuando tenés el escudo levantado, bajalo. Cuando tenés el escudo bajo, dispará.",S0,S0,B,FINAL: S0,9,S0,S0,True,True,True,False,,464.172,,stop,5
qwen3:30b-a3b-instruct-2507-q4_K_M,0,d1-shield-a,D1-P1,D1,es_standard,Tuteo Spanish,a_first,format_only,"Cuando tienes el escudo levantado, bájalo. Cuando tienes el escudo bajo, dispara.",S0,S0,B,FINAL: S0,9,S0,S0,True,True,True,False,,469.477,,stop,5
qwen3:30b-a3b-instruct-2507-q4_K_M,0,d5-x-distance-b,D5-P2,D5,es_rioplatense,Rioplatense voseo,b_first,format_only,"Primero calculá la distancia horizontal entre tu coordenada x y la coordenada x del rival. Cuando la distancia es menor que 0.4, girá 90 grados en sentido horario. Cuando la distancia es de al menos 0.4, avanzá 0.1.",C90.0,C90.0,M0.1,FINAL: C90,10,C90,C90.0,True,True,True,False,,525.76,,stop,6
qwen3:30b-a3b-instruct-2507-q4_K_M,0,d2-x-compare-a,D2-P2,D2,es_standard,Tuteo Spanish,b_first,format_only,"Cuando tu coordenada x es menor o igual que la del rival, gira 90 grados en sentido horario. Cuando tu coordenada x es mayor que la del rival, gira 90 grados en sentido antihorario.",A90.0,C90.0,A90.0,FINAL: C90,10,C90,C90.0,True,False,True,False,,485.505,,stop,6
qwen3:30b-a3b-instruct-2507-q4_K_M,0,d3-xor-shields-b,D3-P2,D3,es_standard,Tuteo Spanish,a_first,format_only,"Cuando exactamente uno de los dos escudos está levantado, avanza. Cuando los dos escudos están en el mismo estado, dispara.",M,M,B,FINAL: M,8,M,M,True,True,True,False,,416.823,,stop,4
qwen3:30b-a3b-instruct-2507-q4_K_M,0,d5-x-distance-b,D5-P2,D5,es_standard,Tuteo Spanish,b_first,format_only,"Primero calcula la distancia horizontal entre tu coordenada x y la coordenada x del rival. Cuando la distancia es menor que 0.4, gira 90 grados en sentido horario. Cuando la distancia es de al menos 0.4, avanza 0.1.",C90.0,C90.0,M0.1,FINAL: C90,10,C90,C90.0,True,True,True,False,,508.247,,stop,6
qwen3:30b-a3b-instruct-2507-q4_K_M,0,d1-shield-a,D1-P1,D1,es_standard,Tuteo Spanish,b_first,format_only,"Cuando tienes el escudo bajo, dispara. Cuando tienes el escudo levantado, bájalo.",S0,B,S0,FINAL: B,8,B,B,True,False,True,False,,433.836,,stop,4
qwen3:30b-a3b-instruct-2507-q4_K_M,0,d3-xor-shields-c,D3-P2,D3,es_rioplatense,Rioplatense voseo,a_first,format_only,"Cuando exactamente uno de los dos escudos está levantado, avanzá. Cuando los dos escudos están en el mismo estado, dispará.",M,M,B,FINAL: M,8,M,M,True,True,True,False,,452.58,,stop,4
qwen3:30b-a3b-instruct-2507-q4_K_M,0,d2-x-compare-d,D2-P2,D2,es_standard,Tuteo Spanish,b_first,format_only,"Cuando tu coordenada x es menor o igual que la del rival, gira 90 grados en sentido horario. Cuando tu coordenada x es mayor que la del rival, gira 90 grados en sentido antihorario.",A90.0,C90.0,A90.0,FINAL: C90,10,C90,C90.0,True,False,True,False,,493.797,,stop,6
qwen3:30b-a3b-instruct-2507-q4_K_M,0,d2-health-compare-d,D2-P1,D2,es_standard,Tuteo Spanish,b_first,format_only,"Cuando tienes tanta o más salud que el rival, dispara. Cuando tienes menos salud que el rival, levanta el escudo.",S1,B,S1,FINAL: B,8,B,B,True,False,True,False,,441.127,,stop,4
qwen3:30b-a3b-instruct-2507-q4_K_M,0,d5-health-difference-a,D5-P1,D5,es_standard,Tuteo Spanish,a_first,format_only,"Cuando tienes al menos 10 puntos de salud más que el rival, dispara. Cuando no tienes al menos 10 puntos de salud más que el rival, levanta el escudo.",B,B,S1,FINAL: S,8,S,S,True,False,False,False,,459.576,,stop,4
qwen3:30b-a3b-instruct-2507-q4_K_M,0,d3-conjunction-d,D3-P1,D3,es_rioplatense,Rioplatense voseo,b_first,format_only,"Cuando tenés 15 puntos de salud o más o el escudo está levantado, dispará. Cuando tenés menos de 15 puntos de salud y el escudo está bajo, levantá el escudo.",B,B,S1,FINAL: B,8,B,B,True,True,True,False,,464.937,,stop,4
qwen3:30b-a3b-instruct-2507-q4_K_M,0,d5-health-difference-d,D5-P1,D5,es_standard,Tuteo Spanish,a_first,format_only,"Cuando tienes al menos 10 puntos de salud más que el rival, dispara. Cuando no tienes al menos 10 puntos de salud más que el rival, levanta el escudo.",B,B,S1,FINAL: S,8,S,S,True,False,False,False,,453.597,,stop,4
qwen3:30b-a3b-instruct-2507-q4_K_M,0,d3-conjunction-c,D3-P1,D3,es_rioplatense,Rioplatense voseo,b_first,format_only,"Cuando tenés 15 puntos de salud o más o el escudo está levantado, dispará. Cuando tenés menos de 15 puntos de salud y el escudo está bajo, levantá el escudo.",B,B,S1,FINAL: S1,9,S1,S1,True,False,False,True,,482.976,,stop,5
qwen3:30b-a3b-instruct-2507-q4_K_M,0,d1-health-b,D1-P2,D1,es_rioplatense,Rioplatense voseo,b_first,format_only,"Cuando tenés 15 puntos de salud o más, avanzá. Cuando tenés menos de 15 puntos de salud, levantá el escudo.",S1,M,S1,FINAL: S,8,S,S,True,False,False,False,,439.4,,stop,4
qwen3:30b-a3b-instruct-2507-q4_K_M,0,d1-shield-c,D1-P1,D1,es_standard,Tuteo Spanish,a_first,format_only,"Cuando tienes el escudo levantado, bájalo. Cuando tienes el escudo bajo, dispara.",S0,S0,B,FINAL: S0,9,S0,S0,True,True,True,False,,441.139,,stop,5
qwen3:30b-a3b-instruct-2507-q4_K_M,0,d2-health-compare-c,D2-P1,D2,es_standard,Tuteo Spanish,b_first,format_only,"Cuando tienes tanta o más salud que el rival, dispara. Cuando tienes menos salud que el rival, levanta el escudo.",B,B,S1,FINAL: B,8,B,B,True,True,True,False,,436.127,,stop,4
qwen3:30b-a3b-instruct-2507-q4_K_M,0,d5-health-difference-d,D5-P1,D5,es_standard,Tuteo Spanish,b_first,format_only,"Cuando no tienes al menos 10 puntos de salud más que el rival, levanta el escudo. Cuando tienes al menos 10 puntos de salud más que el rival, dispara.",B,S1,B,FINAL: S,8,S,S,True,False,False,False,,451.378,,stop,4
qwen3:30b-a3b-instruct-2507-q4_K_M,0,d2-health-compare-c,D2-P1,D2,es_standard,Tuteo Spanish,a_first,format_only,"Cuando tienes menos salud que el rival, levanta el escudo. Cuando tienes tanta o más salud que el rival, dispara.",B,S1,B,FINAL: S,8,S,S,True,False,False,False,,439.747,,stop,4
qwen3:30b-a3b-instruct-2507-q4_K_M,0,d5-x-distance-a,D5-P2,D5,es_rioplatense,Rioplatense voseo,a_first,format_only,"Primero calculá la distancia horizontal entre tu coordenada x y la coordenada x del rival. Cuando la distancia es de al menos 0.4, avanzá 0.1. Cuando la distancia es menor que 0.4, girá 90 grados en sentido horario.",M0.1,M0.1,C90.0,FINAL: M0.1,11,M0.1,M0.1,True,True,True,False,,525.605,,stop,7
qwen3:30b-a3b-instruct-2507-q4_K_M,0,d5-x-distance-d,D5-P2,D5,es_rioplatense,Rioplatense voseo,b_first,format_only,"Primero calculá la distancia horizontal entre tu coordenada x y la coordenada x del rival. Cuando la distancia es menor que 0.4, girá 90 grados en sentido horario. Cuando la distancia es de al menos 0.4, avanzá 0.1.",C90.0,C90.0,M0.1,FINAL: C90,10,C90,C90.0,True,True,True,False,,489.607,,stop,6
qwen3:30b-a3b-instruct-2507-q4_K_M,0,d1-health-c,D1-P2,D1,es_standard,Tuteo Spanish,b_first,format_only,"Cuando tienes 15 puntos de salud o más, avanza. Cuando tienes menos de 15 puntos de salud, levanta el escudo.",M,M,S1,FINAL: M,8,M,M,True,True,True,False,,435.312,,stop,4
qwen3:30b-a3b-instruct-2507-q4_K_M,0,d2-health-compare-d,D2-P1,D2,es_rioplatense,Rioplatense voseo,a_first,format_only,"Cuando tenés menos salud que el rival, levantá el escudo. Cuando tenés tanta o más salud que el rival, dispará.",S1,S1,B,FINAL: S,8,S,S,True,False,False,False,,451.067,,stop,4
qwen3:30b-a3b-instruct-2507-q4_K_M,0,d3-xor-shields-c,D3-P2,D3,es_standard,Tuteo Spanish,b_first,format_only,"Cuando los dos escudos están en el mismo estado, dispara. Cuando exactamente uno de los dos escudos está levantado, avanza.",M,B,M,FINAL: B,8,B,B,True,False,True,False,,437.882,,stop,4
qwen3:30b-a3b-instruct-2507-q4_K_M,0,d5-health-difference-b,D5-P1,D5,es_standard,Tuteo Spanish,a_first,format_only,"Cuando tienes al menos 10 puntos de salud más que el rival, dispara. Cuando no tienes al menos 10 puntos de salud más que el rival, levanta el escudo.",S1,B,S1,FINAL: S,8,S,S,True,False,False,False,,466.951,,stop,4
qwen3:30b-a3b-instruct-2507-q4_K_M,0,d3-xor-shields-d,D3-P2,D3,es_rioplatense,Rioplatense voseo,a_first,format_only,"Cuando exactamente uno de los dos escudos está levantado, avanzá. Cuando los dos escudos están en el mismo estado, dispará.",B,M,B,FINAL: M,8,M,M,True,False,True,False,,442.467,,stop,4
qwen3:30b-a3b-instruct-2507-q4_K_M,0,d3-conjunction-b,D3-P1,D3,es_rioplatense,Rioplatense voseo,a_first,format_only,"Cuando tenés menos de 15 puntos de salud y el escudo está bajo, levantá el escudo. Cuando tenés 15 puntos de salud o más o el escudo está levantado, dispará.",B,S1,B,FINAL: S1,9,S1,S1,True,False,True,False,,484.801,,stop,5
qwen3:30b-a3b-instruct-2507-q4_K_M,0,d2-x-compare-b,D2-P2,D2,es_standard,Tuteo Spanish,a_first,format_only,"Cuando tu coordenada x es mayor que la del rival, gira 90 grados en sentido antihorario. Cuando tu coordenada x es menor o igual que la del rival, gira 90 grados en sentido horario.",C90.0,A90.0,C90.0,FINAL: A90,10,A90,A90.0,True,False,True,False,,506.962,,stop,6
qwen3:30b-a3b-instruct-2507-q4_K_M,0,d2-x-compare-c,D2-P2,D2,es_standard,Tuteo Spanish,b_first,format_only,"Cuando tu coordenada x es menor o igual que la del rival, gira 90 grados en sentido horario. Cuando tu coordenada x es mayor que la del rival, gira 90 grados en sentido antihorario.",C90.0,C90.0,A90.0,FINAL: C90,10,C90,C90.0,True,True,True,False,,476.48,,stop,6
qwen3:30b-a3b-instruct-2507-q4_K_M,0,d1-health-d,D1-P2,D1,es_rioplatense,Rioplatense voseo,b_first,format_only,"Cuando tenés 15 puntos de salud o más, avanzá. Cuando tenés menos de 15 puntos de salud, levantá el escudo.",M,M,S1,FINAL: M,8,M,M,True,True,True,False,,438.46,,stop,4
qwen3:30b-a3b-instruct-2507-q4_K_M,0,d3-xor-shields-d,D3-P2,D3,es_standard,Tuteo Spanish,a_first,format_only,"Cuando exactamente uno de los dos escudos está levantado, avanza. Cuando los dos escudos están en el mismo estado, dispara.",B,M,B,FINAL: M,8,M,M,True,False,True,False,,426.372,,stop,4
qwen3:30b-a3b-instruct-2507-q4_K_M,0,d2-x-compare-b,D2-P2,D2,es_rioplatense,Rioplatense voseo,a_first,format_only,"Cuando tu coordenada x es mayor que la del rival, girá 90 grados en sentido antihorario. Cuando tu coordenada x es menor o igual que la del rival, girá 90 grados en sentido horario.",C90.0,A90.0,C90.0,FINAL: A90,10,A90,A90.0,True,False,True,False,,474.394,,stop,6
qwen3:30b-a3b-instruct-2507-q4_K_M,0,d1-health-b,D1-P2,D1,es_standard,Tuteo Spanish,b_first,format_only,"Cuando tienes 15 puntos de salud o más, avanza. Cuando tienes menos de 15 puntos de salud, levanta el escudo.",S1,M,S1,FINAL: S,8,S,S,True,False,False,False,,428.931,,stop,4
qwen3:30b-a3b-instruct-2507-q4_K_M,0,d2-health-compare-a,D2-P1,D2,es_standard,Tuteo Spanish,b_first,format_only,"Cuando tienes tanta o más salud que el rival, dispara. Cuando tienes menos salud que el rival, levanta el escudo.",S1,B,S1,FINAL: B,8,B,B,True,False,True,False,,421.798,,stop,4
qwen3:30b-a3b-instruct-2507-q4_K_M,0,d5-x-distance-a,D5-P2,D5,es_standard,Tuteo Spanish,a_first,format_only,"Primero calcula la distancia horizontal entre tu coordenada x y la coordenada x del rival. Cuando la distancia es de al menos 0.4, avanza 0.1. Cuando la distancia es menor que 0.4, gira 90 grados en sentido horario.",M0.1,M0.1,C90.0,FINAL: M0.1,11,M0.1,M0.1,True,True,True,False,,515.501,,stop,7
qwen3:30b-a3b-instruct-2507-q4_K_M,0,d2-health-compare-d,D2-P1,D2,es_rioplatense,Rioplatense voseo,b_first,format_only,"Cuando tenés tanta o más salud que el rival, dispará. Cuando tenés menos salud que el rival, levantá el escudo.",S1,B,S1,FINAL: B,8,B,B,True,False,True,False,,429.621,,stop,4
qwen3:30b-a3b-instruct-2507-q4_K_M,0,d2-x-compare-c,D2-P2,D2,es_rioplatense,Rioplatense voseo,b_first,format_only,"Cuando tu coordenada x es menor o igual que la del rival, girá 90 grados en sentido horario. Cuando tu coordenada x es mayor que la del rival, girá 90 grados en sentido antihorario.",C90.0,C90.0,A90.0,FINAL: C90,10,C90,C90.0,True,True,True,False,,498.086,,stop,6
qwen3:30b-a3b-instruct-2507-q4_K_M,0,d3-xor-shields-d,D3-P2,D3,es_rioplatense,Rioplatense voseo,b_first,format_only,"Cuando los dos escudos están en el mismo estado, dispará. Cuando exactamente uno de los dos escudos está levantado, avanzá.",B,B,M,FINAL: B,8,B,B,True,True,True,False,,423.401,,stop,4
qwen3:30b-a3b-instruct-2507-q4_K_M,0,d3-xor-shields-b,D3-P2,D3,es_standard,Tuteo Spanish,b_first,format_only,"Cuando los dos escudos están en el mismo estado, dispara. Cuando exactamente uno de los dos escudos está levantado, avanza.",M,B,M,FINAL: B,8,B,B,True,False,True,False,,418.662,,stop,4
qwen3:30b-a3b-instruct-2507-q4_K_M,0,d2-health-compare-d,D2-P1,D2,es_standard,Tuteo Spanish,a_first,format_only,"Cuando tienes menos salud que el rival, levanta el escudo. Cuando tienes tanta o más salud que el rival, dispara.",S1,S1,B,FINAL: S,8,S,S,True,False,False,False,,434.628,,stop,4
qwen3:30b-a3b-instruct-2507-q4_K_M,0,d2-health-compare-b,D2-P1,D2,es_standard,Tuteo Spanish,b_first,format_only,"Cuando tienes tanta o más salud que el rival, dispara. Cuando tienes menos salud que el rival, levanta el escudo.",B,B,S1,FINAL: B,8,B,B,True,True,True,False,,463.213,,stop,4
qwen3:30b-a3b-instruct-2507-q4_K_M,0,d5-health-difference-c,D5-P1,D5,es_standard,Tuteo Spanish,b_first,format_only,"Cuando no tienes al menos 10 puntos de salud más que el rival, levanta el escudo. Cuando tienes al menos 10 puntos de salud más que el rival, dispara.",S1,S1,B,FINAL: S,8,S,S,True,False,False,False,,478.431,,stop,4
qwen3:30b-a3b-instruct-2507-q4_K_M,0,d3-xor-shields-c,D3-P2,D3,es_standard,Tuteo Spanish,a_first,format_only,"Cuando exactamente uno de los dos escudos está levantado, avanza. Cuando los dos escudos están en el mismo estado, dispara.",M,M,B,FINAL: M,8,M,M,True,True,True,False,,463.998,,stop,4
qwen3:30b-a3b-instruct-2507-q4_K_M,0,d5-x-distance-a,D5-P2,D5,es_rioplatense,Rioplatense voseo,b_first,format_only,"Primero calculá la distancia horizontal entre tu coordenada x y la coordenada x del rival. Cuando la distancia es menor que 0.4, girá 90 grados en sentido horario. Cuando la distancia es de al menos 0.4, avanzá 0.1.",M0.1,C90.0,M0.1,FINAL: C90,10,C90,C90.0,True,False,True,False,,532.644,,stop,6
qwen3:30b-a3b-instruct-2507-q4_K_M,0,d2-health-compare-b,D2-P1,D2,es_standard,Tuteo Spanish,a_first,format_only,"Cuando tienes menos salud que el rival, levanta el escudo. Cuando tienes tanta o más salud que el rival, dispara.",B,S1,B,FINAL: S,8,S,S,True,False,False,False,,465.109,,stop,4
qwen3:30b-a3b-instruct-2507-q4_K_M,0,d5-health-difference-a,D5-P1,D5,es_standard,Tuteo Spanish,b_first,format_only,"Cuando no tienes al menos 10 puntos de salud más que el rival, levanta el escudo. Cuando tienes al menos 10 puntos de salud más que el rival, dispara.",B,S1,B,FINAL: S,8,S,S,True,False,False,False,,472.591,,stop,4
qwen3:30b-a3b-instruct-2507-q4_K_M,0,d5-health-difference-d,D5-P1,D5,es_rioplatense,Rioplatense voseo,b_first,format_only,"Cuando no tenés al menos 10 puntos de salud más que el rival, levantá el escudo. Cuando tenés al menos 10 puntos de salud más que el rival, dispará.",B,S1,B,FINAL: S,8,S,S,True,False,False,False,,474.154,,stop,4
qwen3:30b-a3b-instruct-2507-q4_K_M,0,d5-health-difference-a,D5-P1,D5,es_rioplatense,Rioplatense voseo,a_first,format_only,"Cuando tenés al menos 10 puntos de salud más que el rival, dispará. Cuando no tenés al menos 10 puntos de salud más que el rival, levantá el escudo.",B,B,S1,FINAL: S,8,S,S,True,False,False,False,,461.092,,stop,4
qwen3:30b-a3b-instruct-2507-q4_K_M,0,d2-health-compare-a,D2-P1,D2,es_standard,Tuteo Spanish,a_first,format_only,"Cuando tienes menos salud que el rival, levanta el escudo. Cuando tienes tanta o más salud que el rival, dispara.",S1,S1,B,FINAL: S,8,S,S,True,False,False,False,,433.597,,stop,4
qwen3:30b-a3b-instruct-2507-q4_K_M,0,d3-conjunction-a,D3-P1,D3,es_rioplatense,Rioplatense voseo,b_first,format_only,"Cuando tenés 15 puntos de salud o más o el escudo está levantado, dispará. Cuando tenés menos de 15 puntos de salud y el escudo está bajo, levantá el escudo.",S1,B,S1,FINAL: S1,9,S1,S1,True,True,False,True,,433.285,,stop,5
qwen3:30b-a3b-instruct-2507-q4_K_M,0,d3-conjunction-c,D3-P1,D3,es_rioplatense,Rioplatense voseo,a_first,format_only,"Cuando tenés menos de 15 puntos de salud y el escudo está bajo, levantá el escudo. Cuando tenés 15 puntos de salud o más o el escudo está levantado, dispará.",B,S1,B,FINAL: S,8,S,S,True,False,False,False,,450.55,,stop,4
qwen3:30b-a3b-instruct-2507-q4_K_M,0,d1-health-d,D1-P2,D1,es_rioplatense,Rioplatense voseo,a_first,format_only,"Cuando tenés menos de 15 puntos de salud, levantá el escudo. Cuando tenés 15 puntos de salud o más, avanzá.",M,S1,M,FINAL: S1,9,S1,S1,True,False,True,False,,442.724,,stop,5
qwen3:30b-a3b-instruct-2507-q4_K_M,0,d3-xor-shields-a,D3-P2,D3,es_standard,Tuteo Spanish,b_first,format_only,"Cuando los dos escudos están en el mismo estado, dispara. Cuando exactamente uno de los dos escudos está levantado, avanza.",B,B,M,FINAL: B,8,B,B,True,True,True,False,,419.25,,stop,4
qwen3:30b-a3b-instruct-2507-q4_K_M,0,d1-shield-b,D1-P1,D1,es_rioplatense,Rioplatense voseo,b_first,format_only,"Cuando tenés el escudo bajo, dispará. Cuando tenés el escudo levantado, bajalo.",B,B,S0,FINAL: B,8,B,B,True,True,True,False,,414.204,,stop,4
qwen3:30b-a3b-instruct-2507-q4_K_M,0,d3-conjunction-b,D3-P1,D3,es_standard,Tuteo Spanish,b_first,format_only,"Cuando tienes 15 puntos de salud o más o el escudo está levantado, dispara. Cuando tienes menos de 15 puntos de salud y el escudo está bajo, levanta el escudo.",B,B,S1,FINAL: B,8,B,B,True,True,True,False,,450.04,,stop,4
qwen3:30b-a3b-instruct-2507-q4_K_M,0,d2-health-compare-a,D2-P1,D2,es_rioplatense,Rioplatense voseo,a_first,format_only,"Cuando tenés menos salud que el rival, levantá el escudo. Cuando tenés tanta o más salud que el rival, dispará.",S1,S1,B,FINAL: S,8,S,S,True,False,False,False,,423.927,,stop,4
qwen3:30b-a3b-instruct-2507-q4_K_M,0,d3-conjunction-d,D3-P1,D3,es_rioplatense,Rioplatense voseo,a_first,format_only,"Cuando tenés menos de 15 puntos de salud y el escudo está bajo, levantá el escudo. Cuando tenés 15 puntos de salud o más o el escudo está levantado, dispará.",B,S1,B,FINAL: S0,9,S0,S0,True,False,False,False,,475.048,,stop,5
qwen3:30b-a3b-instruct-2507-q4_K_M,0,d5-health-difference-a,D5-P1,D5,es_rioplatense,Rioplatense voseo,b_first,format_only,"Cuando no tenés al menos 10 puntos de salud más que el rival, levantá el escudo. Cuando tenés al menos 10 puntos de salud más que el rival, dispará.",B,S1,B,FINAL: S,8,S,S,True,False,False,False,,463.261,,stop,4
qwen3:30b-a3b-instruct-2507-q4_K_M,0,d3-xor-shields-b,D3-P2,D3,es_rioplatense,Rioplatense voseo,b_first,format_only,"Cuando los dos escudos están en el mismo estado, dispará. Cuando exactamente uno de los dos escudos está levantado, avanzá.",M,B,M,FINAL: B,8,B,B,True,False,True,False,,402.092,,stop,4
qwen3:30b-a3b-instruct-2507-q4_K_M,0,d2-x-compare-d,D2-P2,D2,es_rioplatense,Rioplatense voseo,b_first,format_only,"Cuando tu coordenada x es menor o igual que la del rival, girá 90 grados en sentido horario. Cuando tu coordenada x es mayor que la del rival, girá 90 grados en sentido antihorario.",A90.0,C90.0,A90.0,FINAL: C90,10,C90,C90.0,True,False,True,False,,489.565,,stop,6
qwen3:30b-a3b-instruct-2507-q4_K_M,0,d2-x-compare-c,D2-P2,D2,es_rioplatense,Rioplatense voseo,a_first,format_only,"Cuando tu coordenada x es mayor que la del rival, girá 90 grados en sentido antihorario. Cuando tu coordenada x es menor o igual que la del rival, girá 90 grados en sentido horario.",C90.0,A90.0,C90.0,FINAL: A90,10,A90,A90.0,True,False,True,False,,484.294,,stop,6
qwen3:30b-a3b-instruct-2507-q4_K_M,0,d5-x-distance-d,D5-P2,D5,es_rioplatense,Rioplatense voseo,a_first,format_only,"Primero calculá la distancia horizontal entre tu coordenada x y la coordenada x del rival. Cuando la distancia es de al menos 0.4, avanzá 0.1. Cuando la distancia es menor que 0.4, girá 90 grados en sentido horario.",C90.0,M0.1,C90.0,FINAL: M0.1,11,M0.1,M0.1,True,False,True,False,,506.737,,stop,7
qwen3:30b-a3b-instruct-2507-q4_K_M,0,d3-xor-shields-a,D3-P2,D3,es_rioplatense,Rioplatense voseo,b_first,format_only,"Cuando los dos escudos están en el mismo estado, dispará. Cuando exactamente uno de los dos escudos está levantado, avanzá.",B,B,M,FINAL: B,8,B,B,True,True,True,False,,414.045,,stop,4
qwen3:30b-a3b-instruct-2507-q4_K_M,0,d5-health-difference-c,D5-P1,D5,es_rioplatense,Rioplatense voseo,b_first,format_only,"Cuando no tenés al menos 10 puntos de salud más que el rival, levantá el escudo. Cuando tenés al menos 10 puntos de salud más que el rival, dispará.",S1,S1,B,FINAL: S,8,S,S,True,False,False,False,,459.041,,stop,4
qwen3:30b-a3b-instruct-2507-q4_K_M,0,d1-health-d,D1-P2,D1,es_standard,Tuteo Spanish,b_first,format_only,"Cuando tienes 15 puntos de salud o más, avanza. Cuando tienes menos de 15 puntos de salud, levanta el escudo.",M,M,S1,FINAL: M,8,M,M,True,True,True,False,,441.643,,stop,4
qwen3:30b-a3b-instruct-2507-q4_K_M,0,d2-x-compare-d,D2-P2,D2,es_rioplatense,Rioplatense voseo,a_first,format_only,"Cuando tu coordenada x es mayor que la del rival, girá 90 grados en sentido antihorario. Cuando tu coordenada x es menor o igual que la del rival, girá 90 grados en sentido horario.",A90.0,A90.0,C90.0,FINAL: A90,10,A90,A90.0,True,True,True,False,,539.818,,stop,6
qwen3:30b-a3b-instruct-2507-q4_K_M,0,d2-x-compare-a,D2-P2,D2,es_rioplatense,Rioplatense voseo,b_first,format_only,"Cuando tu coordenada x es menor o igual que la del rival, girá 90 grados en sentido horario. Cuando tu coordenada x es mayor que la del rival, girá 90 grados en sentido antihorario.",A90.0,C90.0,A90.0,FINAL: C90,10,C90,C90.0,True,False,True,False,,497.101,,stop,6
qwen3:30b-a3b-instruct-2507-q4_K_M,0,d3-conjunction-c,D3-P1,D3,es_standard,Tuteo Spanish,a_first,format_only,"Cuando tienes menos de 15 puntos de salud y el escudo está bajo, levanta el escudo. Cuando tienes 15 puntos de salud o más o el escudo está levantado, dispara.",B,S1,B,FINAL: S,8,S,S,True,False,False,False,,446.601,,stop,4
qwen3:30b-a3b-instruct-2507-q4_K_M,0,d1-shield-b,D1-P1,D1,es_standard,Tuteo Spanish,a_first,format_only,"Cuando tienes el escudo levantado, bájalo. Cuando tienes el escudo bajo, dispara.",B,S0,B,FINAL: S0,9,S0,S0,True,False,True,False,,441.303,,stop,5
qwen3:30b-a3b-instruct-2507-q4_K_M,0,d1-health-a,D1-P2,D1,es_rioplatense,Rioplatense voseo,a_first,format_only,"Cuando tenés menos de 15 puntos de salud, levantá el escudo. Cuando tenés 15 puntos de salud o más, avanzá.",S1,S1,M,FINAL: S,8,S,S,True,False,False,False,,441.788,,stop,4
qwen3:30b-a3b-instruct-2507-q4_K_M,0,d1-shield-c,D1-P1,D1,es_rioplatense,Rioplatense voseo,b_first,format_only,"Cuando tenés el escudo bajo, dispará. Cuando tenés el escudo levantado, bajalo.",S0,B,S0,FINAL: S0,9,S0,S0,True,True,False,True,,445.595,,stop,5
qwen3:30b-a3b-instruct-2507-q4_K_M,0,d1-shield-d,D1-P1,D1,es_rioplatense,Rioplatense voseo,b_first,format_only,"Cuando tenés el escudo bajo, dispará. Cuando tenés el escudo levantado, bajalo.",B,B,S0,FINAL: B,8,B,B,True,True,True,False,,412.353,,stop,4
qwen3:30b-a3b-instruct-2507-q4_K_M,0,d1-health-c,D1-P2,D1,es_rioplatense,Rioplatense voseo,b_first,format_only,"Cuando tenés 15 puntos de salud o más, avanzá. Cuando tenés menos de 15 puntos de salud, levantá el escudo.",M,M,S1,FINAL: M,8,M,M,True,True,True,False,,440.389,,stop,4
qwen3:30b-a3b-instruct-2507-q4_K_M,0,d5-x-distance-d,D5-P2,D5,es_standard,Tuteo Spanish,a_first,format_only,"Primero calcula la distancia horizontal entre tu coordenada x y la coordenada x del rival. Cuando la distancia es de al menos 0.4, avanza 0.1. Cuando la distancia es menor que 0.4, gira 90 grados en sentido horario.",C90.0,M0.1,C90.0,FINAL: M0.1,11,M0.1,M0.1,True,False,True,False,,545.422,,stop,7
qwen3:30b-a3b-instruct-2507-q4_K_M,0,d3-conjunction-d,D3-P1,D3,es_standard,Tuteo Spanish,a_first,format_only,"Cuando tienes menos de 15 puntos de salud y el escudo está bajo, levanta el escudo. Cuando tienes 15 puntos de salud o más o el escudo está levantado, dispara.",B,S1,B,FINAL: S,8,S,S,True,False,False,False,,486.157,,stop,4
qwen3:30b-a3b-instruct-2507-q4_K_M,0,d1-shield-d,D1-P1,D1,es_standard,Tuteo Spanish,b_first,format_only,"Cuando tienes el escudo bajo, dispara. Cuando tienes el escudo levantado, bájalo.",B,B,S0,FINAL: B,8,B,B,True,True,True,False,,456.042,,stop,4
qwen3:30b-a3b-instruct-2507-q4_K_M,0,d1-health-b,D1-P2,D1,es_rioplatense,Rioplatense voseo,a_first,format_only,"Cuando tenés menos de 15 puntos de salud, levantá el escudo. Cuando tenés 15 puntos de salud o más, avanzá.",S1,S1,M,FINAL: S1,9,S1,S1,True,True,True,False,,492.506,,stop,5
qwen3:30b-a3b-instruct-2507-q4_K_M,0,d5-x-distance-c,D5-P2,D5,es_rioplatense,Rioplatense voseo,a_first,format_only,"Primero calculá la distancia horizontal entre tu coordenada x y la coordenada x del rival. Cuando la distancia es de al menos 0.4, avanzá 0.1. Cuando la distancia es menor que 0.4, girá 90 grados en sentido horario.",M0.1,M0.1,C90.0,FINAL: M0.1,11,M0.1,M0.1,True,True,True,False,,561.298,,stop,7
qwen3:30b-a3b-instruct-2507-q4_K_M,0,d2-x-compare-a,D2-P2,D2,es_rioplatense,Rioplatense voseo,a_first,format_only,"Cuando tu coordenada x es mayor que la del rival, girá 90 grados en sentido antihorario. Cuando tu coordenada x es menor o igual que la del rival, girá 90 grados en sentido horario.",A90.0,A90.0,C90.0,FINAL: A90,10,A90,A90.0,True,True,True,False,,499.222,,stop,6
qwen3:30b-a3b-instruct-2507-q4_K_M,0,d1-shield-d,D1-P1,D1,es_rioplatense,Rioplatense voseo,a_first,format_only,"Cuando tenés el escudo levantado, bajalo. Cuando tenés el escudo bajo, dispará.",B,S0,B,FINAL: S0,9,S0,S0,True,False,True,False,,459.381,,stop,5
qwen3:30b-a3b-instruct-2507-q4_K_M,0,d1-health-a,D1-P2,D1,es_standard,Tuteo Spanish,a_first,format_only,"Cuando tienes menos de 15 puntos de salud, levanta el escudo. Cuando tienes 15 puntos de salud o más, avanza.",S1,S1,M,FINAL: S,8,S,S,True,False,False,False,,442.341,,stop,4
qwen3:30b-a3b-instruct-2507-q4_K_M,0,d1-health-c,D1-P2,D1,es_rioplatense,Rioplatense voseo,a_first,format_only,"Cuando tenés menos de 15 puntos de salud, levantá el escudo. Cuando tenés 15 puntos de salud o más, avanzá.",M,S1,M,FINAL: S,8,S,S,True,False,False,False,,443.233,,stop,4
qwen3:30b-a3b-instruct-2507-q4_K_M,0,d3-conjunction-a,D3-P1,D3,es_standard,Tuteo Spanish,b_first,format_only,"Cuando tienes 15 puntos de salud o más o el escudo está levantado, dispara. Cuando tienes menos de 15 puntos de salud y el escudo está bajo, levanta el escudo.",S1,B,S1,FINAL: B,8,B,B,True,False,True,False,,453.134,,stop,4
qwen3:30b-a3b-instruct-2507-q4_K_M,0,d1-health-a,D1-P2,D1,es_rioplatense,Rioplatense voseo,b_first,format_only,"Cuando tenés 15 puntos de salud o más, avanzá. Cuando tenés menos de 15 puntos de salud, levantá el escudo.",S1,M,S1,FINAL: S,8,S,S,True,False,False,False,,452.151,,stop,4
qwen3:30b-a3b-instruct-2507-q4_K_M,0,d2-health-compare-b,D2-P1,D2,es_rioplatense,Rioplatense voseo,b_first,format_only,"Cuando tenés tanta o más salud que el rival, dispará. Cuando tenés menos salud que el rival, levantá el escudo.",B,B,S1,FINAL: B,8,B,B,True,True,True,False,,445.411,,stop,4
qwen3:30b-a3b-instruct-2507-q4_K_M,0,d3-xor-shields-a,D3-P2,D3,es_standard,Tuteo Spanish,a_first,format_only,"Cuando exactamente uno de los dos escudos está levantado, avanza. Cuando los dos escudos están en el mismo estado, dispara.",B,M,B,FINAL: S1,9,S1,S1,True,False,False,False,,460.424,,stop,5
qwen3:30b-a3b-instruct-2507-q4_K_M,0,d1-shield-c,D1-P1,D1,es_standard,Tuteo Spanish,b_first,format_only,"Cuando tienes el escudo bajo, dispara. Cuando tienes el escudo levantado, bájalo.",S0,B,S0,FINAL: B,8,B,B,True,False,True,False,,462.73,,stop,4
qwen3:30b-a3b-instruct-2507-q4_K_M,0,d5-health-difference-c,D5-P1,D5,es_rioplatense,Rioplatense voseo,a_first,format_only,"Cuando tenés al menos 10 puntos de salud más que el rival, dispará. Cuando no tenés al menos 10 puntos de salud más que el rival, levantá el escudo.",S1,B,S1,FINAL: S,8,S,S,True,False,False,False,,485.95,,stop,4
qwen3:30b-a3b-instruct-2507-q4_K_M,0,d1-shield-b,D1-P1,D1,es_standard,Tuteo Spanish,b_first,format_only,"Cuando tienes el escudo bajo, dispara. Cuando tienes el escudo levantado, bájalo.",B,B,S0,FINAL: B,8,B,B,True,True,True,False,,455.262,,stop,4
qwen3:30b-a3b-instruct-2507-q4_K_M,0,d3-conjunction-d,D3-P1,D3,es_standard,Tuteo Spanish,b_first,format_only,"Cuando tienes 15 puntos de salud o más o el escudo está levantado, dispara. Cuando tienes menos de 15 puntos de salud y el escudo está bajo, levanta el escudo.",B,B,S1,FINAL: B,8,B,B,True,True,True,False,,515.204,,stop,4
qwen3:30b-a3b-instruct-2507-q4_K_M,0,d3-conjunction-b,D3-P1,D3,es_standard,Tuteo Spanish,a_first,format_only,"Cuando tienes menos de 15 puntos de salud y el escudo está bajo, levanta el escudo. Cuando tienes 15 puntos de salud o más o el escudo está levantado, dispara.",B,S1,B,FINAL: S1,9,S1,S1,True,False,True,False,,536.35,,stop,5
qwen3:30b-a3b-instruct-2507-q4_K_M,0,d5-x-distance-c,D5-P2,D5,es_standard,Tuteo Spanish,b_first,format_only,"Primero calcula la distancia horizontal entre tu coordenada x y la coordenada x del rival. Cuando la distancia es menor que 0.4, gira 90 grados en sentido horario. Cuando la distancia es de al menos 0.4, avanza 0.1.",M0.1,C90.0,M0.1,FINAL: C90,10,C90,C90.0,True,False,True,False,,616.919,,stop,6
