model,repeat,case_id,policy_id,tier,condition,condition_label,instruction,expected_command,full_response,scored_response,normalized_command,valid,command_correct,action_family_correct,executable_correct,failure_class,final_extraction_error,latency_ms,error
mistral-small3.2:24b-instruct-2506-q4_K_M,0,d3-xor-shields-b,D3-P2,D3,es_rioplatense,Rioplatense voseo,"Si los dos escudos están en el mismo estado, dispará; si no, avanzá.",M,"Scratchpad:
- Bot 1 shield: false
- Bot 2 shield: true
- Shields are not in the same state

FINAL: M",M,M,True,True,True,True,correct,,14775.394,
mistral-small3.2:24b-instruct-2506-q4_K_M,0,d3-xor-shields-b,D3-P2,D3,es_standard,Tuteo Spanish,"Si los dos escudos están en el mismo estado, dispara; si no, avanza.",M,"Scratchpad:
- Bot 1 shield: false
- Bot 2 shield: true
- Shields are not in the same state (false != true)

FINAL: M",M,M,True,True,True,True,correct,,3082.665,
mistral-small3.2:24b-instruct-2506-q4_K_M,0,d5-x-distance-b,D5-P2,D5,es_standard,Tuteo Spanish,"Calcula la distancia horizontal entre tu coordenada x y la coordenada x del rival. Si es menor que 0.4, gira 90 grados en sentido horario; si no, avanza 0.1.",C90.0,"Scratchpad:
- Bot 1's x: 0.4
- Bot 2's x: 0.7
- Horizontal distance: |0.7 - 0.4| = 0.3
- 0.3 < 0.4 → True

FINAL: C90",C90,C90.0,True,True,True,True,correct,,6174.779,
mistral-small3.2:24b-instruct-2506-q4_K_M,0,d5-x-distance-b,D5-P2,D5,es_rioplatense,Rioplatense voseo,"Calculá la distancia horizontal entre tu coordenada x y la coordenada x del rival. Si es menor que 0.4, girá 90 grados en sentido horario; si no, avanzá 0.1.",C90.0,"Scratchpad:
- Bot 1's x: 0.4
- Bot 2's x: 0.7
- Horizontal distance: |0.7 - 0.4| = 0.3
- 0.3 < 0.4 → True

FINAL: A90",A90,A90.0,True,False,False,False,action_error,,5975.789,
mistral-small3.2:24b-instruct-2506-q4_K_M,0,d2-health-compare-b,D2-P1,D2,es_standard,Tuteo Spanish,"Si tienes tanta o más salud que el rival, dispara; si no, levanta el escudo.",B,"Scratchpad:
- Bot 1 health: 20
- Bot 2 health: 10
- Bot 1 health (20) >= Bot 2 health (10) is True

FINAL: B",B,B,True,True,True,True,correct,,5052.095,
mistral-small3.2:24b-instruct-2506-q4_K_M,0,d2-health-compare-b,D2-P1,D2,es_rioplatense,Rioplatense voseo,"Si tenés tanta o más salud que el rival, dispará; si no, levantá el escudo.",B,"Scratchpad:
- Bot 1 health: 20
- Bot 2 health: 10
- Bot 1 health (20) > Bot 2 health (10) → True

FINAL: B",B,B,True,True,True,True,correct,,4430.709,
mistral-small3.2:24b-instruct-2506-q4_K_M,0,d3-conjunction-c,D3-P1,D3,es_standard,Tuteo Spanish,"Si tienes 15 puntos de salud o más o el escudo está levantado, dispara; si no, levanta el escudo.",B,"Scratchpad:
- Bot 1 health: 20
- Bot 1 shield: false
- Condition 1: health >= 15 (20 >= 15 is true)
- Condition 2: shield is true (false is false)
- Either condition 1 or condition 2 is true (true or false is true)

FINAL: B",B,B,True,True,True,True,correct,,7396.701,
mistral-small3.2:24b-instruct-2506-q4_K_M,0,d3-conjunction-c,D3-P1,D3,es_rioplatense,Rioplatense voseo,"Si tenés 15 puntos de salud o más o el escudo está levantado, dispará; si no, levantá el escudo.",B,"Scratchpad:
- Bot 1 health: 20
- Bot 1 shield: false
- Condition 1: health >= 15 (20 >= 15 is true)
- Condition 2: shield is true (false is false)
- Either condition 1 or condition 2 is true, so fire

FINAL: B",B,B,True,True,True,True,correct,,6834.241,
mistral-small3.2:24b-instruct-2506-q4_K_M,0,d5-health-difference-d,D5-P1,D5,es_rioplatense,Rioplatense voseo,"Si no tenés al menos 10 puntos de salud más que el rival, levantá el escudo; si no, dispará.",B,"Let's analyze the given state and policy step by step.

### Current State:
- **Bot 1 (You):**
  - Health: 25
  - Shield: false
  - Position: (x=0.2, y=0.5)
  - Rotation: 0.0 degrees

- **Bot 2 (Opponent):**
  - Health: 10
  - Shield: false
  - Position: (x=0.8, y=0.5)
  - Rotation: 180.0 degrees

### Policy:
1. **Check if your health is at least 10 points more than the opponent's health:**
   - Your health: 25
   - Opponent's health: 10
   - Difference: 25 - 10 = 15
   - 15 >= 10 → True

2. **If the condition is true, fire; otherwise, set the shield on.**

Since the condition is true, the action is to fire.

### FINAL: B",,ERR,False,False,False,False,final_extraction_error,"expected exactly one FINAL line, found 0",21590.142,
mistral-small3.2:24b-instruct-2506-q4_K_M,0,d5-health-difference-d,D5-P1,D5,es_standard,Tuteo Spanish,"Si no tienes al menos 10 puntos de salud más que el rival, levanta el escudo; si no, dispara.",B,"Let's analyze the given state and policy step by step.

### Current State:
- **Bot 1 (You):**
  - Health: 25
  - Shield: false
  - Position: (x=0.2, y=0.5)
  - Rotation: 0.0 degrees

- **Bot 2 (Opponent):**
  - Health: 10
  - Shield: false
  - Position: (x=0.8, y=0.5)
  - Rotation: 180.0 degrees

### Policy:
1. **Check if your health is at least 10 points more than the opponent's health.**
   - Your health: 25
   - Opponent's health: 10
   - Difference: 25 - 10 = 15
   - 15 >= 10 → True

2. **If the condition is true, fire; otherwise, set the shield on.**
   - Since the condition is true, the action is to fire.

### Scratchpad:
- Health difference: 25 - 10 = 15
- 15 >= 10 → True
",,ERR,False,False,False,False,final_extraction_error,"expected exactly one FINAL line, found 0",24192.503,
mistral-small3.2:24b-instruct-2506-q4_K_M,0,d3-conjunction-d,D3-P1,D3,es_rioplatense,Rioplatense voseo,"Si tenés 15 puntos de salud o más o el escudo está levantado, dispará; si no, levantá el escudo.",B,"Scratchpad:
- Bot 1 health: 20
- Bot 1 shield: true
- Condition 1: health >= 15 (20 >= 15) → true
- Condition 2: shield is true → true
- Either condition 1 or condition 2 is true → true

FINAL: B",B,B,True,True,True,True,correct,,7913.287,
mistral-small3.2:24b-instruct-2506-q4_K_M,0,d3-conjunction-d,D3-P1,D3,es_standard,Tuteo Spanish,"Si tienes 15 puntos de salud o más o el escudo está levantado, dispara; si no, levanta el escudo.",B,"Scratchpad:
- Bot 1 health: 20
- Bot 1 shield: true

Policy:
- If health >= 15 or shield is on, fire.
- Else, set shield on.

Since bot 1's shield is on, the condition is satisfied.

FINAL: B",B,B,True,True,True,True,correct,,6414.853,
mistral-small3.2:24b-instruct-2506-q4_K_M,0,d3-xor-shields-c,D3-P2,D3,es_rioplatense,Rioplatense voseo,"Si los dos escudos están en el mismo estado, dispará; si no, avanzá.",M,"Scratchpad:
- Bot 1 shield: true
- Bot 2 shield: false
- Shields are not in the same state

FINAL: M",M,M,True,True,True,True,correct,,4293.552,
mistral-small3.2:24b-instruct-2506-q4_K_M,0,d3-xor-shields-c,D3-P2,D3,es_standard,Tuteo Spanish,"Si los dos escudos están en el mismo estado, dispara; si no, avanza.",M,"Scratchpad:
- Bot 1 shield: true
- Bot 2 shield: false
- Shields are not in the same state

FINAL: M",M,M,True,True,True,True,correct,,3710.233,
mistral-small3.2:24b-instruct-2506-q4_K_M,0,d3-conjunction-a,D3-P1,D3,es_standard,Tuteo Spanish,"Si tienes 15 puntos de salud o más o el escudo está levantado, dispara; si no, levanta el escudo.",S1,"Scratchpad:
- Bot 1 health: 10
- Bot 1 shield: false
- Condition 1: health >= 15? 10 >= 15? False
- Condition 2: shield is true? False
- Since both conditions are false, the policy dictates to set the shield on.

FINAL: S1",S1,S1,True,True,True,True,correct,,34392.657,
mistral-small3.2:24b-instruct-2506-q4_K_M,0,d3-conjunction-a,D3-P1,D3,es_rioplatense,Rioplatense voseo,"Si tenés 15 puntos de salud o más o el escudo está levantado, dispará; si no, levantá el escudo.",S1,"Scratchpad:
- Bot 1 health: 10
- Bot 1 shield: false
- Condition 1: health >= 15? 10 >= 15? False
- Condition 2: shield is true? False
- Since both conditions are false, the policy dictates to set the shield on.

FINAL: S1",S1,S1,True,True,True,True,correct,,30247.143,
mistral-small3.2:24b-instruct-2506-q4_K_M,0,d3-conjunction-b,D3-P1,D3,es_standard,Tuteo Spanish,"Si tienes 15 puntos de salud o más o el escudo está levantado, dispara; si no, levanta el escudo.",B,"Scratchpad:
- Bot 1 health: 10
- Bot 1 shield: true

Policy:
- If health >= 15 or shield is on, fire.
- Else, set shield on.

Since the shield is on, the condition is satisfied.

FINAL: B",B,B,True,True,True,True,correct,,27664.768,
mistral-small3.2:24b-instruct-2506-q4_K_M,0,d3-conjunction-b,D3-P1,D3,es_rioplatense,Rioplatense voseo,"Si tenés 15 puntos de salud o más o el escudo está levantado, dispará; si no, levantá el escudo.",B,"Let's analyze the given state and policy step by step.

### Current State (Bot 1):
- **health**: 10
- **shield**: true (shield is on)
- **x**: 0.2
- **y**: 0.5
- **rot**: 0.0

### Policy:
1. **Condition**: If health is 15 or more **OR** shield is on, then **fire**.
2. **Else**: If the above condition is not met, then **set shield on**.

### Evaluation:
1. **health** is 10, which is **not** 15 or more.
2. **shield** is **true** (shield is on).

Since the shield is on, the first condition is satisfied.

### Conclusion:
The policy instructs to **fire**.

FINAL: B",B,B,True,True,True,True,correct,,67527.534,
mistral-small3.2:24b-instruct-2506-q4_K_M,0,d2-x-compare-c,D2-P2,D2,es_standard,Tuteo Spanish,"Si tu coordenada x es menor o igual que la del rival, gira 90 grados en sentido horario; si no, gira 90 grados en sentido antihorario.",C90.0,"Scratchpad:
- Bot 1's x-coordinate: 0.5
- Bot 2's x-coordinate: 0.5
- Comparison: 0.5 <= 0.5 is true

FINAL: C90",C90,C90.0,True,True,True,True,correct,,26561.962,
mistral-small3.2:24b-instruct-2506-q4_K_M,0,d2-x-compare-c,D2-P2,D2,es_rioplatense,Rioplatense voseo,"Si tu coordenada x es menor o igual que la del rival, girá 90 grados en sentido horario; si no, girá 90 grados en sentido antihorario.",C90.0,"Scratchpad:
- Bot 1's x-coordinate: 0.5
- Bot 2's x-coordinate: 0.5
- Comparison: 0.5 <= 0.5 is true

FINAL: C90",C90,C90.0,True,True,True,True,correct,,20077.074,
mistral-small3.2:24b-instruct-2506-q4_K_M,0,d5-x-distance-d,D5-P2,D5,es_rioplatense,Rioplatense voseo,"Calculá la distancia horizontal entre tu coordenada x y la coordenada x del rival. Si es menor que 0.4, girá 90 grados en sentido horario; si no, avanzá 0.1.",C90.0,"Scratchpad:
- Bot 1's x: 0.3
- Bot 2's x: 0.31
- Horizontal distance: |0.3 - 0.31| = 0.01
- 0.01 < 0.4, so rotate 90 degrees clockwise

FINAL: C90",C90,C90.0,True,True,True,True,correct,,10185.554,
mistral-small3.2:24b-instruct-2506-q4_K_M,0,d5-x-distance-d,D5-P2,D5,es_standard,Tuteo Spanish,"Calcula la distancia horizontal entre tu coordenada x y la coordenada x del rival. Si es menor que 0.4, gira 90 grados en sentido horario; si no, avanza 0.1.",C90.0,"Scratchpad:
- Bot 1's x: 0.3
- Bot 2's x: 0.31
- Horizontal distance: |0.3 - 0.31| = 0.01
- 0.01 < 0.4, so rotate 90 degrees clockwise

FINAL: C90",C90,C90.0,True,True,True,True,correct,,5714.257,
mistral-small3.2:24b-instruct-2506-q4_K_M,0,d2-x-compare-d,D2-P2,D2,es_standard,Tuteo Spanish,"Si tu coordenada x es menor o igual que la del rival, gira 90 grados en sentido horario; si no, gira 90 grados en sentido antihorario.",A90.0,"Scratchpad:
- Bot 1's x-coordinate: 0.51
- Bot 2's x-coordinate: 0.5
- Compare 0.51 <= 0.5: False

Since the condition is false, rotate 90 degrees counterclockwise.

FINAL: A90",A90,A90.0,True,True,True,True,correct,,5476.433,
mistral-small3.2:24b-instruct-2506-q4_K_M,0,d2-x-compare-d,D2-P2,D2,es_rioplatense,Rioplatense voseo,"Si tu coordenada x es menor o igual que la del rival, girá 90 grados en sentido horario; si no, girá 90 grados en sentido antihorario.",A90.0,"Scratchpad:
- Bot 1's x-coordinate: 0.51
- Bot 2's x-coordinate: 0.5
- Comparison: 0.51 <= 0.5 → False

Since the condition is false, rotate 90 degrees counterclockwise.

FINAL: A90",A90,A90.0,True,True,True,True,correct,,4798.254,
mistral-small3.2:24b-instruct-2506-q4_K_M,0,d3-xor-shields-d,D3-P2,D3,es_standard,Tuteo Spanish,"Si los dos escudos están en el mismo estado, dispara; si no, avanza.",B,"Scratchpad:
- Bot 1 shield: true
- Bot 2 shield: true
- Both shields are in the same state (both true)

FINAL: B",B,B,True,True,True,True,correct,,3039.1,
mistral-small3.2:24b-instruct-2506-q4_K_M,0,d3-xor-shields-d,D3-P2,D3,es_rioplatense,Rioplatense voseo,"Si los dos escudos están en el mismo estado, dispará; si no, avanzá.",B,"Scratchpad:
- Bot 1 shield: true
- Bot 2 shield: true
- Both shields are in the same state (both on)

FINAL: B",B,B,True,True,True,True,correct,,2595.14,
mistral-small3.2:24b-instruct-2506-q4_K_M,0,d2-x-compare-a,D2-P2,D2,es_standard,Tuteo Spanish,"Si tu coordenada x es menor o igual que la del rival, gira 90 grados en sentido horario; si no, gira 90 grados en sentido antihorario.",A90.0,"Scratchpad:
- Bot 1's x-coordinate: 0.7
- Bot 2's x-coordinate: 0.3
- Compare 0.7 <= 0.3: False
- Since False, rotate counterclockwise by 90 degrees

FINAL: A90",A90,A90.0,True,True,True,True,correct,,5148.534,
mistral-small3.2:24b-instruct-2506-q4_K_M,0,d2-x-compare-a,D2-P2,D2,es_rioplatense,Rioplatense voseo,"Si tu coordenada x es menor o igual que la del rival, girá 90 grados en sentido horario; si no, girá 90 grados en sentido antihorario.",A90.0,"Scratchpad:
- Bot 1's x-coordinate: 0.7
- Bot 2's x-coordinate: 0.3
- Compare 0.7 <= 0.3: False

Since the condition is false, rotate 90 degrees counterclockwise.

FINAL: A90",A90,A90.0,True,True,True,True,correct,,4644.707,
mistral-small3.2:24b-instruct-2506-q4_K_M,0,d5-health-difference-a,D5-P1,D5,es_standard,Tuteo Spanish,"Si no tienes al menos 10 puntos de salud más que el rival, levanta el escudo; si no, dispara.",B,"Let's analyze the given state and policy step by step.

### Current State:
- **Bot 1 (You):**
  - Health: 30
  - Shield: false
  - Position: (x=0.2, y=0.5)
  - Rotation: 0.0 degrees

- **Bot 2 (Opponent):**
  - Health: 20
  - Shield: false
  - Position: (x=0.8, y=0.5)
  - Rotation: 180.0 degrees

### Policy:
1. **Check if your health is at least 10 points more than the opponent's health.**
   - Your health: 30
   - Opponent's health: 20
   - Difference: 30 - 20 = 10

2. **If the condition is met (health difference >= 10), fire.**
   - Since the difference is exactly 10, the condition is met.

### Decision:
- The condition is met, so the action is to fire.

FINAL: B",B,B,True,True,True,True,correct,,15943.037,
mistral-small3.2:24b-instruct-2506-q4_K_M,0,d5-health-difference-a,D5-P1,D5,es_rioplatense,Rioplatense voseo,"Si no tenés al menos 10 puntos de salud más que el rival, levantá el escudo; si no, dispará.",B,"Let's analyze the given state and policy step by step.

### Current State:
- **Bot 1 (You):**
  - Health: 30
  - Shield: false
  - Position: (x=0.2, y=0.5)
  - Rotation: 0.0 degrees

- **Bot 2 (Opponent):**
  - Health: 20
  - Shield: false
  - Position: (x=0.8, y=0.5)
  - Rotation: 180.0 degrees

### Policy:
1. **Check if your health is at least 10 points more than the opponent's health.**
   - Your health: 30
   - Opponent's health: 20
   - Difference: 30 - 20 = 10

   Since the difference is exactly 10, the condition is satisfied.

2. **If the condition is satisfied, fire; otherwise, set the shield on.**

   Since the condition is satisfied, the action is to fire.

### Scratchpad:
- Health difference: 30 - 20 = 10
- Condition: 10 >= 1",,ERR,False,False,False,False,final_extraction_error,"expected exactly one FINAL line, found 0",17037.848,
mistral-small3.2:24b-instruct-2506-q4_K_M,0,d1-health-d,D1-P2,D1,es_standard,Tuteo Spanish,"Si tienes 15 puntos de salud o más, avanza; si no, levanta el escudo.",M,"Scratchpad:
- Bot 1 health: 25
- Condition: 25 >= 15 is true

FINAL: M",M,M,True,True,True,True,correct,,2783.586,
mistral-small3.2:24b-instruct-2506-q4_K_M,0,d1-health-d,D1-P2,D1,es_rioplatense,Rioplatense voseo,"Si tenés 15 puntos de salud o más, avanzá; si no, levantá el escudo.",M,"Scratchpad:
- Bot 1 health: 25
- Condition: 25 >= 15 is true

FINAL: M",M,M,True,True,True,True,correct,,2300.908,
mistral-small3.2:24b-instruct-2506-q4_K_M,0,d2-health-compare-d,D2-P1,D2,es_standard,Tuteo Spanish,"Si tienes tanta o más salud que el rival, dispara; si no, levanta el escudo.",S1,"Scratchpad:
- Bot 1 health: 14
- Bot 2 health: 15
- Bot 1 health <= Bot 2 health: True

FINAL: S1",S1,S1,True,True,True,True,correct,,3573.613,
mistral-small3.2:24b-instruct-2506-q4_K_M,0,d2-health-compare-d,D2-P1,D2,es_rioplatense,Rioplatense voseo,"Si tenés tanta o más salud que el rival, dispará; si no, levantá el escudo.",S1,"Scratchpad:
- Bot 1 health: 14
- Bot 2 health: 15
- Bot 1 health <= Bot 2 health: True

FINAL: S1",S1,S1,True,True,True,True,correct,,2986.94,
mistral-small3.2:24b-instruct-2506-q4_K_M,0,d1-shield-b,D1-P1,D1,es_standard,Tuteo Spanish,"Si tienes el escudo bajo, dispara; si no, bájalo.",B,"Scratchpad:
- Bot 1 shield status: false (shield is off)
- Policy: If shield is off, fire; else, turn shield off

Since the shield is off, the action is to fire.

FINAL: B",B,B,True,True,True,True,correct,,4028.449,
mistral-small3.2:24b-instruct-2506-q4_K_M,0,d1-shield-b,D1-P1,D1,es_rioplatense,Rioplatense voseo,"Si tenés el escudo bajo, dispará; si no, bajalo.",B,"Let's analyze the current state and the policy:

Current state of bot 1 (me):
- health: 27
- x: 0.2
- y: 0.5
- rot: 0.0
- shield: false

Policy:
- If shield is down (false), fire (B)
- If shield is up (true), set shield off (S0)

From the state, we can see that bot 1's shield is false (down). According to the policy, we should fire.

FINAL: B",B,B,True,True,True,True,correct,,7965.518,
mistral-small3.2:24b-instruct-2506-q4_K_M,0,d1-shield-d,D1-P1,D1,es_rioplatense,Rioplatense voseo,"Si tenés el escudo bajo, dispará; si no, bajalo.",B,"Let's analyze the current state and the policy:

Current state of bot 1 (me):
- health: 8
- x: 0.2
- y: 0.5
- rot: 0.0
- shield: false

Policy:
- If shield is down (false), fire (B)
- If shield is up (true), set shield off (S0)

From the state, we can see that bot 1's shield is false (down). According to the policy, we should fire.

FINAL: B",B,B,True,True,True,True,correct,,8723.427,
mistral-small3.2:24b-instruct-2506-q4_K_M,0,d1-shield-d,D1-P1,D1,es_standard,Tuteo Spanish,"Si tienes el escudo bajo, dispara; si no, bájalo.",B,"Scratchpad:
- Bot 1 shield status: false (shield is off)
- Policy: If shield is off, fire; else, turn shield off

Since the shield is off, the action is to fire.

FINAL: B",B,B,True,True,True,True,correct,,3583.923,
mistral-small3.2:24b-instruct-2506-q4_K_M,0,d5-health-difference-c,D5-P1,D5,es_rioplatense,Rioplatense voseo,"Si no tenés al menos 10 puntos de salud más que el rival, levantá el escudo; si no, dispará.",S1,"Let's analyze the given state and policy step by step.

### Current State:
- **Bot 1 (You):**
  - Health: 10
  - Shield: false
  - Position: (x=0.2, y=0.5)
  - Rotation: 0.0 degrees

- **Bot 2 (Opponent):**
  - Health: 25
  - Shield: false
  - Position: (x=0.8, y=0.5)
  - Rotation: 180.0 degrees

### Policy:
1. **Check if your health is at least 10 points more than the opponent's health:**
   - Your health: 10
   - Opponent's health: 25
   - Difference: 10 - 25 = -15
   - Since -15 is not greater than or equal to 10, the condition is false.

2. **If the condition is false, set the shield on:**
   - Current shield status: false
   - Action: set shield on

### Conclusion:
Since the condition is not met, the action is to set the shield on.

FINAL: S1",S1,S1,True,True,True,True,correct,,19467.031,
mistral-small3.2:24b-instruct-2506-q4_K_M,0,d5-health-difference-c,D5-P1,D5,es_standard,Tuteo Spanish,"Si no tienes al menos 10 puntos de salud más que el rival, levanta el escudo; si no, dispara.",S1,"Let's analyze the given state and policy step by step.

### Current State:
- **Bot 1 (You):**
  - Health: 10
  - Shield: false
  - Position: (x=0.2, y=0.5)
  - Rotation: 0.0 degrees

- **Bot 2 (Opponent):**
  - Health: 25
  - Shield: false
  - Position: (x=0.8, y=0.5)
  - Rotation: 180.0 degrees

### Policy:
1. **Check if your health is at least 10 points more than the opponent's health.**
   - Your health: 10
   - Opponent's health: 25
   - Difference: 10 - 25 = -15
   - Since -15 is not greater than or equal to 10, the condition is false.

2. **If the condition is false, set the shield on.**
   - Since the condition is false, we need to set the shield on.

### Conclusion:
Based on the policy, the appropriate action is to set the shield on.

FINAL: S1",S1,S1,True,True,True,True,correct,,18917.04,
mistral-small3.2:24b-instruct-2506-q4_K_M,0,d5-x-distance-c,D5-P2,D5,es_standard,Tuteo Spanish,"Calcula la distancia horizontal entre tu coordenada x y la coordenada x del rival. Si es menor que 0.4, gira 90 grados en sentido horario; si no, avanza 0.1.",M0.1,"Scratchpad:
- Bot 1's x: 0.1
- Bot 2's x: 0.5
- Horizontal distance: |0.5 - 0.1| = 0.4
- Comparison: 0.4 < 0.4? False

FINAL: M0.1",M0.1,M0.1,True,True,True,True,correct,,6003.448,
mistral-small3.2:24b-instruct-2506-q4_K_M,0,d5-x-distance-c,D5-P2,D5,es_rioplatense,Rioplatense voseo,"Calculá la distancia horizontal entre tu coordenada x y la coordenada x del rival. Si es menor que 0.4, girá 90 grados en sentido horario; si no, avanzá 0.1.",M0.1,"Scratchpad:
- Bot 1's x: 0.1
- Bot 2's x: 0.5
- Horizontal distance: |0.5 - 0.1| = 0.4
- Comparison: 0.4 < 0.4 is False

FINAL: M0.1",M0.1,M0.1,True,True,True,True,correct,,5615.058,
mistral-small3.2:24b-instruct-2506-q4_K_M,0,d1-health-c,D1-P2,D1,es_rioplatense,Rioplatense voseo,"Si tenés 15 puntos de salud o más, avanzá; si no, levantá el escudo.",M,"Scratchpad:
- Bot 1 health: 15
- Condition: health >= 15 → True

FINAL: M",M,M,True,True,True,True,correct,,3155.779,
mistral-small3.2:24b-instruct-2506-q4_K_M,0,d1-health-c,D1-P2,D1,es_standard,Tuteo Spanish,"Si tienes 15 puntos de salud o más, avanza; si no, levanta el escudo.",M,"Scratchpad:
- Bot 1 health: 15
- Condition: health >= 15 → True

FINAL: M",M,M,True,True,True,True,correct,,2334.198,
mistral-small3.2:24b-instruct-2506-q4_K_M,0,d1-shield-a,D1-P1,D1,es_rioplatense,Rioplatense voseo,"Si tenés el escudo bajo, dispará; si no, bajalo.",S0,"Scratchpad:
- Bot 1 shield status: true (shield is on)
- Policy: If shield is off, fire; else, turn shield off
- Since shield is on, turn shield off

FINAL: S0",S0,S0,True,True,True,True,correct,,4481.882,
mistral-small3.2:24b-instruct-2506-q4_K_M,0,d1-shield-a,D1-P1,D1,es_standard,Tuteo Spanish,"Si tienes el escudo bajo, dispara; si no, bájalo.",S0,"Scratchpad:
- Bot 1 shield status: true (shield is on)
- Policy: If shield is off, fire; else, turn shield off
- Since shield is on, turn shield off

FINAL: S0",S0,S0,True,True,True,True,correct,,3770.682,
mistral-small3.2:24b-instruct-2506-q4_K_M,0,d1-shield-c,D1-P1,D1,es_standard,Tuteo Spanish,"Si tienes el escudo bajo, dispara; si no, bájalo.",S0,"Scratchpad:
- Bot 1 shield status: true (shield is on)
- Policy: If shield is off, fire; else, turn shield off
- Since shield is on, turn shield off

FINAL: S0",S0,S0,True,True,True,True,correct,,4599.377,
mistral-small3.2:24b-instruct-2506-q4_K_M,0,d1-shield-c,D1-P1,D1,es_rioplatense,Rioplatense voseo,"Si tenés el escudo bajo, dispará; si no, bajalo.",S0,"Scratchpad:
- Bot 1 shield status: true (shield is on)
- Policy: If shield is off, fire; else, turn shield off
- Since shield is on, turn shield off

FINAL: S0",S0,S0,True,True,True,True,correct,,3913.822,
mistral-small3.2:24b-instruct-2506-q4_K_M,0,d2-x-compare-b,D2-P2,D2,es_rioplatense,Rioplatense voseo,"Si tu coordenada x es menor o igual que la del rival, girá 90 grados en sentido horario; si no, girá 90 grados en sentido antihorario.",C90.0,"Scratchpad:
- Bot 1's x-coordinate: 0.3
- Bot 2's x-coordinate: 0.7
- 0.3 <= 0.7 is true

FINAL: C90",C90,C90.0,True,True,True,True,correct,,4855.729,
mistral-small3.2:24b-instruct-2506-q4_K_M,0,d2-x-compare-b,D2-P2,D2,es_standard,Tuteo Spanish,"Si tu coordenada x es menor o igual que la del rival, gira 90 grados en sentido horario; si no, gira 90 grados en sentido antihorario.",C90.0,"Scratchpad:
- Bot 1's x-coordinate: 0.3
- Bot 2's x-coordinate: 0.7
- Comparison: 0.3 <= 0.7 is true

Since Bot 1's x-coordinate is less than or equal to Bot 2's x-coordinate, Bot 1 should rotate 90 degrees clockwise.

FINAL: C90",C90,C90.0,True,True,True,True,correct,,6890.253,
mistral-small3.2:24b-instruct-2506-q4_K_M,0,d2-health-compare-c,D2-P1,D2,es_standard,Tuteo Spanish,"Si tienes tanta o más salud que el rival, dispara; si no, levanta el escudo.",B,"Scratchpad:
- Bot 1 health: 15
- Bot 2 health: 15
- Comparison: 15 >= 15 (True)

FINAL: B",B,B,True,True,True,True,correct,,4121.35,
mistral-small3.2:24b-instruct-2506-q4_K_M,0,d2-health-compare-c,D2-P1,D2,es_rioplatense,Rioplatense voseo,"Si tenés tanta o más salud que el rival, dispará; si no, levantá el escudo.",B,"Scratchpad:
- Bot 1 health: 15
- Bot 2 health: 15
- Comparison: 15 >= 15 (True)

FINAL: B",B,B,True,True,True,True,correct,,3396.639,
mistral-small3.2:24b-instruct-2506-q4_K_M,0,d5-x-distance-a,D5-P2,D5,es_rioplatense,Rioplatense voseo,"Calculá la distancia horizontal entre tu coordenada x y la coordenada x del rival. Si es menor que 0.4, girá 90 grados en sentido horario; si no, avanzá 0.1.",M0.1,"Scratchpad:
- Bot 1's x: 0.2
- Bot 2's x: 0.8
- Horizontal distance: |0.8 - 0.2| = 0.6
- 0.6 is not less than 0.4

FINAL: M0.1",M0.1,M0.1,True,True,True,True,correct,,6182.106,
mistral-small3.2:24b-instruct-2506-q4_K_M,0,d5-x-distance-a,D5-P2,D5,es_standard,Tuteo Spanish,"Calcula la distancia horizontal entre tu coordenada x y la coordenada x del rival. Si es menor que 0.4, gira 90 grados en sentido horario; si no, avanza 0.1.",M0.1,"Scratchpad:
- Bot 1's x: 0.2
- Bot 2's x: 0.8
- Horizontal distance: |0.8 - 0.2| = 0.6
- 0.6 is not less than 0.4, so move forward by 0.1

FINAL: M0.1",M0.1,M0.1,True,True,True,True,correct,,6076.722,
mistral-small3.2:24b-instruct-2506-q4_K_M,0,d1-health-b,D1-P2,D1,es_standard,Tuteo Spanish,"Si tienes 15 puntos de salud o más, avanza; si no, levanta el escudo.",S1,"Scratchpad:
- Bot 1 health: 14
- Condition: 14 >= 15? False
- Action: set shield on

FINAL: S1",S1,S1,True,True,True,True,correct,,3676.419,
mistral-small3.2:24b-instruct-2506-q4_K_M,0,d1-health-b,D1-P2,D1,es_rioplatense,Rioplatense voseo,"Si tenés 15 puntos de salud o más, avanzá; si no, levantá el escudo.",S1,"Scratchpad:
- Bot 1 health: 14
- Condition: 14 >= 15? False
- Action: set shield on

FINAL: S1",S1,S1,True,True,True,True,correct,,2964.391,
mistral-small3.2:24b-instruct-2506-q4_K_M,0,d5-health-difference-b,D5-P1,D5,es_standard,Tuteo Spanish,"Si no tienes al menos 10 puntos de salud más que el rival, levanta el escudo; si no, dispara.",S1,"Let's analyze the given state and policy step by step.

### Current State:
- **Bot 1 (You):**
  - Health: 29
  - Shield: false
  - Position: (x=0.2, y=0.5)
  - Rotation: 0.0 degrees
- **Bot 2 (Opponent):**
  - Health: 20
  - Shield: false
  - Position: (x=0.8, y=0.5)
  - Rotation: 180.0 degrees

### Policy:
1. **Check if your health is at least 10 points more than the opponent's health.**
   - Your health: 29
   - Opponent's health: 20
   - Difference: 29 - 20 = 9
   - 9 is not at least 10.

2. **If the condition is not met, raise the shield.**
   - Since the condition is not met, you should raise the shield.

### Conclusion:
Based on the policy, you should raise the shield.

FINAL: S1",S1,S1,True,True,True,True,correct,,17516.053,
mistral-small3.2:24b-instruct-2506-q4_K_M,0,d5-health-difference-b,D5-P1,D5,es_rioplatense,Rioplatense voseo,"Si no tenés al menos 10 puntos de salud más que el rival, levantá el escudo; si no, dispará.",S1,"Let's analyze the given state and policy step by step.

### Current State:
- **Bot 1 (You):**
  - Health: 29
  - Shield: false
  - Position: (x=0.2, y=0.5)
  - Rotation: 0.0 degrees

- **Bot 2 (Opponent):**
  - Health: 20
  - Shield: false
  - Position: (x=0.8, y=0.5)
  - Rotation: 180.0 degrees

### Policy:
1. **Check if your health is at least 10 points more than the opponent's health:**
   - Your health: 29
   - Opponent's health: 20
   - Difference: 29 - 20 = 9

   Since 9 is not greater than or equal to 10, the condition is false.

2. **If the condition is false, set the shield on:**
   - Current shield status: false
   - Action: Set shield on (S1)

### Scratchpad:
- Health difference: 29 - 20 = 9
- Condition: ",,ERR,False,False,False,False,final_extraction_error,"expected exactly one FINAL line, found 0",17964.857,
mistral-small3.2:24b-instruct-2506-q4_K_M,0,d3-xor-shields-a,D3-P2,D3,es_standard,Tuteo Spanish,"Si los dos escudos están en el mismo estado, dispara; si no, avanza.",B,"Scratchpad:
- Bot 1 shield: False
- Bot 2 shield: False
- Both shields are in the same state (False == False)

FINAL: B",B,B,True,True,True,True,correct,,3425.901,
mistral-small3.2:24b-instruct-2506-q4_K_M,0,d3-xor-shields-a,D3-P2,D3,es_rioplatense,Rioplatense voseo,"Si los dos escudos están en el mismo estado, dispará; si no, avanzá.",B,"Scratchpad:
- Bot 1 shield: False
- Bot 2 shield: False
- Both shields are in the same state (False == False)

FINAL: B",B,B,True,True,True,True,correct,,2689.456,
mistral-small3.2:24b-instruct-2506-q4_K_M,0,d2-health-compare-a,D2-P1,D2,es_standard,Tuteo Spanish,"Si tienes tanta o más salud que el rival, dispara; si no, levanta el escudo.",S1,"Scratchpad:
- Bot 1 health: 10
- Bot 2 health: 20
- Bot 1 health <= Bot 2 health: True

FINAL: S1",S1,S1,True,True,True,True,correct,,3786.422,
mistral-small3.2:24b-instruct-2506-q4_K_M,0,d2-health-compare-a,D2-P1,D2,es_rioplatense,Rioplatense voseo,"Si tenés tanta o más salud que el rival, dispará; si no, levantá el escudo.",S1,"Scratchpad:
- Bot 1 health: 10
- Bot 2 health: 20
- Bot 1 health <= Bot 2 health: 10 <= 20 is true

FINAL: S1",S1,S1,True,True,True,True,correct,,3579.424,
mistral-small3.2:24b-instruct-2506-q4_K_M,0,d1-health-a,D1-P2,D1,es_standard,Tuteo Spanish,"Si tienes 15 puntos de salud o más, avanza; si no, levanta el escudo.",S1,"Scratchpad:
- Bot 1 health: 5
- Condition: 5 >= 15? False
- Action: set shield on

FINAL: S1",S1,S1,True,True,True,True,correct,,3460.649,
mistral-small3.2:24b-instruct-2506-q4_K_M,0,d1-health-a,D1-P2,D1,es_rioplatense,Rioplatense voseo,"Si tenés 15 puntos de salud o más, avanzá; si no, levantá el escudo.",S1,"Let's analyze the given state and policy step by step.

### Current State (Bot 1):
- **health**: 5
- **x**: 0.2
- **y**: 0.5
- **rot**: 0.0
- **shield**: false

### Policy:
1. If health is 15 or more, move forward.
2. If health is less than 15, set shield on.

### Analysis:
- **health**: 5 (which is less than 15)

Since the health is less than 15, according to the policy, we need to set the shield on.

### Final Command:
FINAL: S1",S1,S1,True,True,True,True,correct,,9845.167,
qwen3:30b-a3b-instruct-2507-q4_K_M,0,d2-health-compare-a,D2-P1,D2,es_standard,Tuteo Spanish,"Si tienes tanta o más salud que el rival, dispara; si no, levanta el escudo.",S1,"Let's analyze the game state and the policy step by step:

1. **Current health of bot 1 (you):** 10
2. **Current health of bot 2 (opponent):** 20
3. **Compare health:** 10 < 20 → You have less health than the opponent.

Policy:  
- If you have **tanto o más salud** (as much or more health) than the rival → **dispara** (fire).  
- Else → **levanta el escudo** (raise the shield).

Since your health (10) is less than the opponent's (20), the condition ""tanto o más salud"" is false.  
Therefore, you should **raise the shield**.

To raise the shield, you use the command: **S1**

FINAL: S1",S1,S1,True,True,True,True,correct,,14939.096,
qwen3:30b-a3b-instruct-2507-q4_K_M,0,d2-health-compare-a,D2-P1,D2,es_rioplatense,Rioplatense voseo,"Si tenés tanta o más salud que el rival, dispará; si no, levantá el escudo.",S1,"Let's analyze the game state and the policy step by step:

1. **Health comparison**:
   - Bot 1 (your bot) health = 10
   - Bot 2 (opponent) health = 20
   - Is bot 1's health ≥ bot 2's health? → 10 ≥ 20? → **No**

2. **Policy condition**:
   - ""Si tenés tanta o más salud que el rival, dispará; si no, levantá el escudo.""
   - Translation: ""If you have as much or more health than the rival, shoot; otherwise, raise the shield.""

3. **Since health is less than opponent's**, the condition ""if not"" applies → **raise the shield**.

4. **Command to raise the shield**:
   - The command to set the shield on is **S1**.

FINAL: S1",S1,S1,True,True,True,True,correct,,3310.282,
qwen3:30b-a3b-instruct-2507-q4_K_M,0,d3-xor-shields-b,D3-P2,D3,es_rioplatense,Rioplatense voseo,"Si los dos escudos están en el mismo estado, dispará; si no, avanzá.",M,"Let's analyze the game state and the policy step by step.

1. **Check the shield state of both bots:**
   - Bot 1 (you): shield = false
   - Bot 2 (opponent): shield = true

2. **Compare the shield states:**
   - Bot 1's shield is off (false)
   - Bot 2's shield is on (true)
   - Therefore, the two shields are **not** in the same state.

3. **Apply the policy:**
   - ""Si los dos escudos están en el mismo estado, dispará; si no, avanzá.""
   - Translation: ""If both shields are in the same state, fire; otherwise, move forward.""

   Since the shields are **not** in the same state, the instruction is to **move forward**.

4. **Choose the appropriate command:**
   - The default move forward command is `M`.

FINAL: M",M,M,True,True,True,True,correct,,3383.925,
qwen3:30b-a3b-instruct-2507-q4_K_M,0,d3-xor-shields-b,D3-P2,D3,es_standard,Tuteo Spanish,"Si los dos escudos están en el mismo estado, dispara; si no, avanza.",M,"Scratchpad:
- Bot 1's shield state: false
- Bot 2's shield state: true
- Are both shields in the same state? No (one is on, one is off)
- Since shields are not in the same state, the rule says: ""avanza"" → move forward
- Default move is M (move forward by default step)

FINAL: M",M,M,True,True,True,True,correct,,1414.219,
qwen3:30b-a3b-instruct-2507-q4_K_M,0,d1-health-d,D1-P2,D1,es_standard,Tuteo Spanish,"Si tienes 15 puntos de salud o más, avanza; si no, levanta el escudo.",M,"Scratchpad:
- Bot 1's health is 25.
- 25 >= 15 → condition is true.
- Therefore, according to the policy: ""avanza"" (move forward).
- The default move is M (move forward by the default step).

FINAL: M",M,M,True,True,True,True,correct,,1316.713,
qwen3:30b-a3b-instruct-2507-q4_K_M,0,d1-health-d,D1-P2,D1,es_rioplatense,Rioplatense voseo,"Si tenés 15 puntos de salud o más, avanzá; si no, levantá el escudo.",M,"Scratchpad:
- Bot 1's health is 25, which is greater than or equal to 15.
- Therefore, the condition ""Si tenés 15 puntos de salud o más"" is true.
- The action to take in this case is ""avanzá"" (move forward).
- The default move forward command is ""M"".

FINAL: M",M,M,True,True,True,True,correct,,1473.6,
qwen3:30b-a3b-instruct-2507-q4_K_M,0,d2-x-compare-c,D2-P2,D2,es_rioplatense,Rioplatense voseo,"Si tu coordenada x es menor o igual que la del rival, girá 90 grados en sentido horario; si no, girá 90 grados en sentido antihorario.",C90.0,"Scratchpad:
- Bot 1's x coordinate: 0.5
- Bot 2's x coordinate: 0.5
- Compare: 0.5 <= 0.5 → True
- Since the condition is true, the action is to rotate 90 degrees clockwise.

FINAL: C90",C90,C90.0,True,True,True,True,correct,,1460.763,
qwen3:30b-a3b-instruct-2507-q4_K_M,0,d2-x-compare-c,D2-P2,D2,es_standard,Tuteo Spanish,"Si tu coordenada x es menor o igual que la del rival, gira 90 grados en sentido horario; si no, gira 90 grados en sentido antihorario.",C90.0,"Scratchpad:
- Bot 1's x coordinate: 0.5
- Bot 2's x coordinate: 0.5
- Compare: 0.5 <= 0.5 → True
- Since the condition is true, the action is to rotate 90 degrees clockwise.

FINAL: C90",C90,C90.0,True,True,True,True,correct,,1330.363,
qwen3:30b-a3b-instruct-2507-q4_K_M,0,d3-xor-shields-c,D3-P2,D3,es_rioplatense,Rioplatense voseo,"Si los dos escudos están en el mismo estado, dispará; si no, avanzá.",M,"Scratchpad:
- Bot 1's shield state: true
- Bot 2's shield state: false
- Are both shields in the same state? No (one is true, the other is false)
- Since the shields are not in the same state, the policy says: ""avanzá"" → move forward
- Default move is M (move forward by default step)

FINAL: M",M,M,True,True,True,True,correct,,1635.996,
qwen3:30b-a3b-instruct-2507-q4_K_M,0,d3-xor-shields-c,D3-P2,D3,es_standard,Tuteo Spanish,"Si los dos escudos están en el mismo estado, dispara; si no, avanza.",M,"Scratchpad:
- Bot 1's shield state: true
- Bot 2's shield state: false
- Are both shields in the same state? No (one is true, the other is false)
- Therefore, according to the policy: ""if not, advance""
- So the action should be to move forward

FINAL: M",M,M,True,True,True,True,correct,,1423.826,
qwen3:30b-a3b-instruct-2507-q4_K_M,0,d2-health-compare-d,D2-P1,D2,es_standard,Tuteo Spanish,"Si tienes tanta o más salud que el rival, dispara; si no, levanta el escudo.",S1,"Let's analyze the game state and the policy step by step:

1. **Current health of bot 1 (you):** 14
2. **Current health of bot 2 (opponent):** 15
3. **Policy condition:** 
   - If your health is **greater than or equal to** the opponent's health → **fire (B)**
   - Otherwise → **set shield on (S1)**

Now compare:
- Is 14 ≥ 15? → No.

Therefore, the condition is false, so we must execute the ""otherwise"" branch: **set shield on**.

Command: S1

FINAL: S1",S1,S1,True,True,True,True,correct,,2596.878,
qwen3:30b-a3b-instruct-2507-q4_K_M,0,d2-health-compare-d,D2-P1,D2,es_rioplatense,Rioplatense voseo,"Si tenés tanta o más salud que el rival, dispará; si no, levantá el escudo.",S1,"Let's analyze the game state and the policy step by step:

1. **Current health of bot 1 (you):** 14
2. **Current health of bot 2 (opponent):** 15
3. **Policy condition:** 
   - If your health is **greater than or equal to** the opponent's health → **fire (B)**
   - Otherwise → **set shield on (S1)**

Now compare:
- Is 14 ≥ 15? → No.

Therefore, the condition is false, so we must execute the ""otherwise"" branch: **set shield on**.

Command: S1

FINAL: S1",S1,S1,True,True,True,True,correct,,2592.828,
qwen3:30b-a3b-instruct-2507-q4_K_M,0,d5-health-difference-b,D5-P1,D5,es_rioplatense,Rioplatense voseo,"Si no tenés al menos 10 puntos de salud más que el rival, levantá el escudo; si no, dispará.",S1,"Scratchpad:
- Bot 1 health: 29
- Bot 2 health: 20
- Difference in health: 29 - 20 = 9
- Condition: ""Si no tenés al menos 10 puntos de salud más que el rival"" → 9 < 10 → True
- Therefore, the condition is met → ""levantá el escudo"" (raise the shield)
- Action: Set shield on → S1

FINAL: S1",S1,S1,True,True,True,True,correct,,1980.416,
qwen3:30b-a3b-instruct-2507-q4_K_M,0,d5-health-difference-b,D5-P1,D5,es_standard,Tuteo Spanish,"Si no tienes al menos 10 puntos de salud más que el rival, levanta el escudo; si no, dispara.",S1,"Scratchpad:
- Bot 1 health: 29
- Bot 2 health: 20
- Difference in health: 29 - 20 = 9
- Condition: ""Si no tienes al menos 10 puntos de salud más que el rival"" → 9 < 10 → True
- Therefore, the condition is met → ""levanta el escudo"" (raise shield)
- Action: set shield on → S1

FINAL: S1",S1,S1,True,True,True,True,correct,,1759.734,
qwen3:30b-a3b-instruct-2507-q4_K_M,0,d3-conjunction-c,D3-P1,D3,es_standard,Tuteo Spanish,"Si tienes 15 puntos de salud o más o el escudo está levantado, dispara; si no, levanta el escudo.",B,"Let's analyze the state and policy step by step:

1. Current health of bot 1: 20 (from the state)
2. Shield status of bot 1: false (shield is off)
3. Condition 1: ""Si tienes 15 puntos de salud o más"" → 20 ≥ 15 → TRUE
4. Condition 2: ""o el escudo está levantado"" → shield is off → FALSE
5. Since the first condition is TRUE, the entire OR condition is TRUE
6. Therefore, the action is: ""dispara"" → fire

FINAL: B",B,B,True,True,True,True,correct,,2340.29,
qwen3:30b-a3b-instruct-2507-q4_K_M,0,d3-conjunction-c,D3-P1,D3,es_rioplatense,Rioplatense voseo,"Si tenés 15 puntos de salud o más o el escudo está levantado, dispará; si no, levantá el escudo.",B,"Let's analyze the state and policy step by step:

1. **Current health of bot 1**: 20 (from the state)
2. **Shield status of bot 1**: false (shield is off)
3. **Policy condition**:
   - ""Si tenés 15 puntos de salud o más o el escudo está levantado, dispará; si no, levantá el escudo.""
   - Translating: If health >= 15 OR shield is on, then fire (B); else, set shield on (S1).

4. **Check the condition**:
   - Health is 20 → 20 >= 15 → TRUE
   - Therefore, the condition is TRUE regardless of shield status.

5. **Action based on condition**:
   - Since the condition is TRUE, the action is to fire (B).

FINAL: B",B,B,True,True,True,True,correct,,3125.217,
qwen3:30b-a3b-instruct-2507-q4_K_M,0,d5-x-distance-d,D5-P2,D5,es_rioplatense,Rioplatense voseo,"Calculá la distancia horizontal entre tu coordenada x y la coordenada x del rival. Si es menor que 0.4, girá 90 grados en sentido horario; si no, avanzá 0.1.",C90.0,"Scratchpad:
- Your x coordinate: 0.3
- Opponent's x coordinate: 0.31
- Horizontal distance = |0.3 - 0.31| = 0.01
- 0.01 < 0.4 → condition is true
- Therefore, rotate 90 degrees clockwise

FINAL: C90",C90,C90.0,True,True,True,True,correct,,1586.645,
qwen3:30b-a3b-instruct-2507-q4_K_M,0,d5-x-distance-d,D5-P2,D5,es_standard,Tuteo Spanish,"Calcula la distancia horizontal entre tu coordenada x y la coordenada x del rival. Si es menor que 0.4, gira 90 grados en sentido horario; si no, avanza 0.1.",C90.0,"Scratchpad:
- Your x coordinate: 0.3
- Opponent's x coordinate: 0.31
- Horizontal distance: |0.3 - 0.31| = 0.01
- 0.01 < 0.4 → condition is true
- Therefore, rotate 90 degrees clockwise

FINAL: C90",C90,C90.0,True,True,True,True,correct,,1445.821,
qwen3:30b-a3b-instruct-2507-q4_K_M,0,d2-health-compare-c,D2-P1,D2,es_rioplatense,Rioplatense voseo,"Si tenés tanta o más salud que el rival, dispará; si no, levantá el escudo.",B,"Let's analyze the game state and the policy step by step:

1. **Health comparison**:
   - Bot 1 (your bot) health: 15
   - Bot 2 (opponent) health: 15
   - So, bot 1 has **equal** health to the opponent.

2. **Policy condition**:
   - ""Si tenés tanta o más salud que el rival, dispará; si no, levantá el escudo.""
   - Translation: ""If you have as much or more health than the rival, shoot; otherwise, raise the shield.""

3. **Condition evaluation**:
   - ""tanta o más salud"" means ""as much or more health"".
   - Since bot 1's health (15) is equal to bot 2's health (15), the condition is **true**.

4. **Action based on policy**:
   - Since the condition is true, the action is to **shoot**.

5. **Command selection**:
   - The command to shoot is `B`.

FINAL: B",B,B,True,True,True,True,correct,,3861.743,
qwen3:30b-a3b-instruct-2507-q4_K_M,0,d2-health-compare-c,D2-P1,D2,es_standard,Tuteo Spanish,"Si tienes tanta o más salud que el rival, dispara; si no, levanta el escudo.",B,"Scratchpad:
- Bot 1 health: 15
- Bot 2 health: 15
- Compare: 15 >= 15 → True
- Since health is equal (tied), condition ""tanta o más salud"" is satisfied
- Therefore, according to the policy: ""dispara"" (fire)
- Command: B

FINAL: B",B,B,True,True,True,True,correct,,1435.661,
qwen3:30b-a3b-instruct-2507-q4_K_M,0,d5-x-distance-a,D5-P2,D5,es_standard,Tuteo Spanish,"Calcula la distancia horizontal entre tu coordenada x y la coordenada x del rival. Si es menor que 0.4, gira 90 grados en sentido horario; si no, avanza 0.1.",M0.1,"Scratchpad:
- Your x-coordinate: 0.2
- Opponent's x-coordinate: 0.8
- Horizontal distance = |0.8 - 0.2| = 0.6
- 0.6 >= 0.4 → condition ""if is less than 0.4"" is false
- Therefore, execute the ""else"" branch: advance 0.1

FINAL: M0.1",M0.1,M0.1,True,True,True,True,correct,,1817.508,
qwen3:30b-a3b-instruct-2507-q4_K_M,0,d5-x-distance-a,D5-P2,D5,es_rioplatense,Rioplatense voseo,"Calculá la distancia horizontal entre tu coordenada x y la coordenada x del rival. Si es menor que 0.4, girá 90 grados en sentido horario; si no, avanzá 0.1.",M0.1,"Scratchpad:
- Your x-coordinate: 0.2
- Opponent's x-coordinate: 0.8
- Horizontal distance = |0.8 - 0.2| = 0.6
- 0.6 >= 0.4 → condition ""if is less than 0.4"" is false
- Therefore, execute the ""else"" branch: move forward by 0.1
- Command: M0.1

FINAL: M0.1",M0.1,M0.1,True,True,True,True,correct,,1845.936,
qwen3:30b-a3b-instruct-2507-q4_K_M,0,d2-x-compare-d,D2-P2,D2,es_standard,Tuteo Spanish,"Si tu coordenada x es menor o igual que la del rival, gira 90 grados en sentido horario; si no, gira 90 grados en sentido antihorario.",A90.0,"Scratchpad:
- Bot 1's x coordinate: 0.51
- Bot 2's x coordinate: 0.5
- Compare: 0.51 <= 0.5? → False
- Since the condition is false, we execute the ""else"" branch: rotate 90 degrees counterclockwise.

FINAL: A90",A90,A90.0,True,True,True,True,correct,,1524.472,
qwen3:30b-a3b-instruct-2507-q4_K_M,0,d2-x-compare-d,D2-P2,D2,es_rioplatense,Rioplatense voseo,"Si tu coordenada x es menor o igual que la del rival, girá 90 grados en sentido horario; si no, girá 90 grados en sentido antihorario.",A90.0,"Scratchpad:
- My x coordinate (bot 1): 0.51
- Opponent's x coordinate (bot 2): 0.5
- Compare: 0.51 <= 0.5 → False
- Since the condition is false, I should rotate counterclockwise by 90 degrees.

FINAL: A90",A90,A90.0,True,True,True,True,correct,,1467.308,
qwen3:30b-a3b-instruct-2507-q4_K_M,0,d1-shield-a,D1-P1,D1,es_standard,Tuteo Spanish,"Si tienes el escudo bajo, dispara; si no, bájalo.",S0,"Let's analyze the policy step by step:

1. The policy says: ""Si tienes el escudo bajo, dispara; si no, bájalo.""
   - In English: ""If you have the shield down, shoot; if not, lower it.""

2. Check the current state of bot 1:
   - `shield`: true → the shield is ON (not down).
   - Therefore, the condition ""if you have the shield down"" is false.

3. Since the shield is ON, we follow the ""si no"" (else) part: ""bájalo"" → ""lower it"".
   - To lower the shield, we need to turn it off.

4. The command to turn the shield off is: `S0`

FINAL: S0",S0,S0,True,True,True,True,correct,,2854.867,
qwen3:30b-a3b-instruct-2507-q4_K_M,0,d1-shield-a,D1-P1,D1,es_rioplatense,Rioplatense voseo,"Si tenés el escudo bajo, dispará; si no, bajalo.",S0,"Let's analyze the policy step by step:

1. The policy says: ""Si tenés el escudo bajo, dispará; si no, bajalo.""
   - In English: ""If you have the shield down, shoot; if not, lower it.""

2. Check the current state of bot 1:
   - `shield`: true → the shield is ON (not down).
   - Therefore, the condition ""if you have the shield down"" is false.

3. Since the shield is ON, we follow the ""si no"" (else) part: ""bajalo"" → ""lower it"".
   - So we need to turn the shield off.

4. The command to turn the shield off is: `S0`

FINAL: S0",S0,S0,True,True,True,True,correct,,2560.535,
qwen3:30b-a3b-instruct-2507-q4_K_M,0,d2-x-compare-b,D2-P2,D2,es_standard,Tuteo Spanish,"Si tu coordenada x es menor o igual que la del rival, gira 90 grados en sentido horario; si no, gira 90 grados en sentido antihorario.",C90.0,"Scratchpad:
- Bot 1's x coordinate: 0.3
- Bot 2's x coordinate: 0.7
- Compare: 0.3 <= 0.7 → True
- Since the condition is true, the action is to rotate 90 degrees clockwise.

FINAL: C90",C90,C90.0,True,True,True,True,correct,,1381.75,
qwen3:30b-a3b-instruct-2507-q4_K_M,0,d2-x-compare-b,D2-P2,D2,es_rioplatense,Rioplatense voseo,"Si tu coordenada x es menor o igual que la del rival, girá 90 grados en sentido horario; si no, girá 90 grados en sentido antihorario.",C90.0,"Scratchpad:
- My x coordinate (bot 1): 0.3
- Opponent's x coordinate (bot 2): 0.7
- Compare: 0.3 <= 0.7 → True
- Since the condition is true, I should rotate 90 degrees clockwise.

FINAL: C90",C90,C90.0,True,True,True,True,correct,,1277.909,
qwen3:30b-a3b-instruct-2507-q4_K_M,0,d5-health-difference-a,D5-P1,D5,es_standard,Tuteo Spanish,"Si no tienes al menos 10 puntos de salud más que el rival, levanta el escudo; si no, dispara.",B,"Scratchpad:
- Bot 1 health: 30
- Bot 2 health: 20
- Difference in health: 30 - 20 = 10
- Condition: ""Si no tienes al menos 10 puntos de salud más que el rival"" → if health of bot 1 is not at least 10 more than bot 2
- Since 30 is exactly 10 more than 20, the condition ""no tienes al menos 10 puntos de salud más"" is false → so we do NOT raise the shield
- Therefore, we follow the ""si no"" branch: ""dispara"" → fire

FINAL: B",B,B,True,True,True,True,correct,,2551.386,
qwen3:30b-a3b-instruct-2507-q4_K_M,0,d5-health-difference-a,D5-P1,D5,es_rioplatense,Rioplatense voseo,"Si no tenés al menos 10 puntos de salud más que el rival, levantá el escudo; si no, dispará.",B,"Scratchpad:
- Bot 1 health: 30
- Bot 2 health: 20
- Difference in health: 30 - 20 = 10
- Condition: ""Si no tenés al menos 10 puntos de salud más que el rival"" → ""If you don't have at least 10 health points more than the rival""
- Since bot 1 has exactly 10 more health points than bot 2, the condition ""no tenés al menos 10 puntos más"" is false (you do have at least 10 more).
- Therefore, the ""si no"" (if not) condition is false → we do not raise the shield.
- The alternative is ""dispará"" (fire).
- So the action is to fire.

FINAL: B",B,B,True,True,True,True,correct,,2970.916,
qwen3:30b-a3b-instruct-2507-q4_K_M,0,d5-x-distance-b,D5-P2,D5,es_rioplatense,Rioplatense voseo,"Calculá la distancia horizontal entre tu coordenada x y la coordenada x del rival. Si es menor que 0.4, girá 90 grados en sentido horario; si no, avanzá 0.1.",C90.0,"Scratchpad:
- Your x-coordinate: 0.4
- Opponent's x-coordinate: 0.7
- Horizontal distance = |0.7 - 0.4| = 0.3
- 0.3 < 0.4 → condition is true
- Therefore, rotate 90 degrees clockwise

FINAL: C90",C90,C90.0,True,True,True,True,correct,,1481.962,
qwen3:30b-a3b-instruct-2507-q4_K_M,0,d5-x-distance-b,D5-P2,D5,es_standard,Tuteo Spanish,"Calcula la distancia horizontal entre tu coordenada x y la coordenada x del rival. Si es menor que 0.4, gira 90 grados en sentido horario; si no, avanza 0.1.",C90.0,"Scratchpad:
- Your x coordinate: 0.4
- Opponent's x coordinate: 0.7
- Horizontal distance = |0.7 - 0.4| = 0.3
- 0.3 < 0.4 → condition is true
- Therefore, rotate 90 degrees clockwise

FINAL: C90",C90,C90.0,True,True,True,True,correct,,1419.09,
qwen3:30b-a3b-instruct-2507-q4_K_M,0,d1-health-b,D1-P2,D1,es_standard,Tuteo Spanish,"Si tienes 15 puntos de salud o más, avanza; si no, levanta el escudo.",S1,"Scratchpad:
- Bot 1's health is 14.
- The condition ""Si tienes 15 puntos de salud o más"" translates to ""If you have 15 health or more"".
- 14 is less than 15, so the condition is false.
- Therefore, the action to take is ""levanta el escudo"" → ""set shield on"".
- The command to set the shield on is S1.

FINAL: S1",S1,S1,True,True,True,True,correct,,1922.63,
qwen3:30b-a3b-instruct-2507-q4_K_M,0,d1-health-b,D1-P2,D1,es_rioplatense,Rioplatense voseo,"Si tenés 15 puntos de salud o más, avanzá; si no, levantá el escudo.",S1,"Let's analyze the state and policy step by step:

1. The current bot (bot 1) has health = 14.
2. The policy says: ""Si tenés 15 puntos de salud o más, avanzá; si no, levantá el escudo.""
   - This translates to: ""If you have 15 or more health points, move forward; otherwise, raise the shield.""

3. Since the current health is 14, which is less than 15, the condition ""15 puntos de salud o más"" is false.
4. Therefore, the action to take is ""levantá el escudo"" → ""raise the shield"".

5. The current shield state is false (off), so we need to turn it on.
6. The command to turn the shield on is ""S1"".

FINAL: S1",S1,S1,True,True,True,True,correct,,3102.21,
qwen3:30b-a3b-instruct-2507-q4_K_M,0,d5-health-difference-d,D5-P1,D5,es_rioplatense,Rioplatense voseo,"Si no tenés al menos 10 puntos de salud más que el rival, levantá el escudo; si no, dispará.",B,"Scratchpad:
- Bot 1 health: 25
- Bot 2 health: 10
- Difference in health: 25 - 10 = 15
- 15 >= 10 → condition ""at least 10 points of health more than rival"" is true
- Therefore, according to the policy: ""if not, shoot"" → shoot
- So the action is to fire (B)

FINAL: B",B,B,True,True,True,True,correct,,1913.082,
qwen3:30b-a3b-instruct-2507-q4_K_M,0,d5-health-difference-d,D5-P1,D5,es_standard,Tuteo Spanish,"Si no tienes al menos 10 puntos de salud más que el rival, levanta el escudo; si no, dispara.",B,"Scratchpad:
- Bot 1 health: 25
- Bot 2 health: 10
- Difference in health: 25 - 10 = 15
- Is bot 1's health at least 10 more than bot 2's? Yes (15 >= 10)
- Therefore, according to the policy: ""if not, raise shield; else, fire""
- Since the condition ""no tienes al menos 10 puntos de salud más que el rival"" is false (you do have at least 10 more), the action is to fire.

FINAL: B",B,B,True,True,True,True,correct,,2298.529,
qwen3:30b-a3b-instruct-2507-q4_K_M,0,d2-x-compare-a,D2-P2,D2,es_standard,Tuteo Spanish,"Si tu coordenada x es menor o igual que la del rival, gira 90 grados en sentido horario; si no, gira 90 grados en sentido antihorario.",A90.0,"Scratchpad:
- Bot 1's x coordinate: 0.7
- Bot 2's x coordinate: 0.3
- Compare: 0.7 <= 0.3? → False
- Since the condition is false, we execute the ""else"" branch: rotate 90 degrees counterclockwise.

FINAL: A90",A90,A90.0,True,True,True,True,correct,,1520.138,
qwen3:30b-a3b-instruct-2507-q4_K_M,0,d2-x-compare-a,D2-P2,D2,es_rioplatense,Rioplatense voseo,"Si tu coordenada x es menor o igual que la del rival, girá 90 grados en sentido horario; si no, girá 90 grados en sentido antihorario.",A90.0,"Scratchpad:
- Bot 1's x coordinate: 0.7
- Bot 2's x coordinate: 0.3
- Compare: 0.7 <= 0.3? → False
- Since the condition is false, the action is to rotate 90 degrees counterclockwise.

FINAL: A90",A90,A90.0,True,True,True,True,correct,,1490.898,
qwen3:30b-a3b-instruct-2507-q4_K_M,0,d1-shield-d,D1-P1,D1,es_rioplatense,Rioplatense voseo,"Si tenés el escudo bajo, dispará; si no, bajalo.",B,"Let's analyze the policy step by step:

1. The policy says: ""Si tenés el escudo bajo, dispará; si no, bajalo.""
   - In English: ""If you have the shield down, shoot; if not, lower it.""

2. Check the current state of bot 1:
   - `shield`: false → the shield is currently **off** (i.e., ""bajo"" in Spanish, meaning down).
   - So the condition ""Si tenés el escudo bajo"" is **true**.

3. According to the policy:
   - If shield is down → **dispará** (fire).
   - So the correct action is to fire.

4. Therefore, the command should be: `B` (fire).

FINAL: B",B,B,True,True,True,True,correct,,2934.102,
qwen3:30b-a3b-instruct-2507-q4_K_M,0,d1-shield-d,D1-P1,D1,es_standard,Tuteo Spanish,"Si tienes el escudo bajo, dispara; si no, bájalo.",B,"Let's analyze the state and policy step by step:

1. Current state of bot 1:
   - health: 8 (not critical)
   - x: 0.2, y: 0.5
   - rot: 0.0 degrees
   - shield: false (shield is off)

2. Policy interpretation:
   - ""Si tienes el escudo bajo, dispara"" → If your shield is down, shoot.
   - ""si no, bájalo"" → If not (i.e., if shield is up), lower it.

   Note: ""escudo bajo"" means ""shield down"", so:
   - If shield is off (false), then shoot (B).
   - If shield is on (true), then turn it off (S0).

3. Current shield state: false → shield is down.

4. Therefore, according to the policy: since shield is down, we should shoot.

FINAL: B",B,B,True,True,True,True,correct,,3342.761,
qwen3:30b-a3b-instruct-2507-q4_K_M,0,d3-xor-shields-d,D3-P2,D3,es_rioplatense,Rioplatense voseo,"Si los dos escudos están en el mismo estado, dispará; si no, avanzá.",B,"Scratchpad:
- Bot 1's shield state: true
- Bot 2's shield state: true
- Both shields are in the same state (both on)
- Therefore, according to the policy: ""Si los dos escudos están en el mismo estado, dispará""
- Action: fire (B)

FINAL: B",B,B,True,True,True,True,correct,,1471.853,
qwen3:30b-a3b-instruct-2507-q4_K_M,0,d3-xor-shields-d,D3-P2,D3,es_standard,Tuteo Spanish,"Si los dos escudos están en el mismo estado, dispara; si no, avanza.",B,"Scratchpad:
- Bot 1's shield state: true
- Bot 2's shield state: true
- Both shields are in the same state (both on)
- Therefore, according to the policy: ""Si los dos escudos están en el mismo estado, dispara""
- Action: fire (B)

FINAL: B",B,B,True,True,True,True,correct,,1388.09,
qwen3:30b-a3b-instruct-2507-q4_K_M,0,d1-health-c,D1-P2,D1,es_standard,Tuteo Spanish,"Si tienes 15 puntos de salud o más, avanza; si no, levanta el escudo.",M,"Scratchpad:
- Bot 1's health is 15.
- The condition is: if health >= 15, then move forward; else, set shield on.
- Since health is exactly 15, the condition health >= 15 is true.
- Therefore, the action is to move forward by the default step.

FINAL: M",M,M,True,True,True,True,correct,,1490.874,
qwen3:30b-a3b-instruct-2507-q4_K_M,0,d1-health-c,D1-P2,D1,es_rioplatense,Rioplatense voseo,"Si tenés 15 puntos de salud o más, avanzá; si no, levantá el escudo.",M,"Scratchpad:
- Bot 1's health is 15.
- The condition ""Si tenés 15 puntos de salud o más"" translates to ""If you have 15 health or more"".
- Since health is exactly 15, the condition is true.
- Therefore, the action is ""avanzá"" (move forward).
- The default move is M (move forward by the default step).

FINAL: M",M,M,True,True,True,True,correct,,1666.259,
qwen3:30b-a3b-instruct-2507-q4_K_M,0,d3-conjunction-a,D3-P1,D3,es_standard,Tuteo Spanish,"Si tienes 15 puntos de salud o más o el escudo está levantado, dispara; si no, levanta el escudo.",S1,"Let's analyze the state and policy step by step:

1. Current health of bot 1: 10 (from the state)
2. Shield status of bot 1: false (shield is off)
3. The policy says:
   - If health >= 15 OR shield is on → fire (B)
   - Else → set shield on (S1)

Now evaluate the condition:
- Is health >= 15? → 10 >= 15? → No
- Is shield on? → false → No

So both conditions are false → the ""else"" branch applies.

Therefore, the action is to set the shield on: S1

FINAL: S1",S1,S1,True,True,True,True,correct,,2713.742,
qwen3:30b-a3b-instruct-2507-q4_K_M,0,d3-conjunction-a,D3-P1,D3,es_rioplatense,Rioplatense voseo,"Si tenés 15 puntos de salud o más o el escudo está levantado, dispará; si no, levantá el escudo.",S1,"Let's analyze the state and policy step by step:

1. **Current health of bot 1**: 10 (from the state: ""health"": 10)
2. **Shield status of bot 1**: false (from the state: ""shield"": false)
3. **Policy condition**: 
   - ""Si tenés 15 puntos de salud o más o el escudo está levantado, dispará; si no, levantá el escudo.""
   - Translating: If health >= 15 OR shield is on, then fire (B); else, set shield on (S1).

4. **Check the condition**:
   - Is health >= 15? → 10 >= 15? → No.
   - Is shield on? → false → No.
   - So, the condition is false → we must do the ""else"" action.

5. **Action to take**: Since the condition is false, we must set the shield on → S1.

FINAL: S1",S1,S1,True,True,True,True,correct,,3742.945,
qwen3:30b-a3b-instruct-2507-q4_K_M,0,d1-health-a,D1-P2,D1,es_standard,Tuteo Spanish,"Si tienes 15 puntos de salud o más, avanza; si no, levanta el escudo.",S1,"Scratchpad:
- Bot 1's health is 5.
- 5 is less than 15.
- Therefore, the condition ""Si tienes 15 puntos de salud o más"" is false.
- The action to take in the else case is ""levanta el escudo"", which means ""raise the shield"".
- The command to raise the shield is S1.

FINAL: S1",S1,S1,True,True,True,True,correct,,1674.374,
qwen3:30b-a3b-instruct-2507-q4_K_M,0,d1-health-a,D1-P2,D1,es_rioplatense,Rioplatense voseo,"Si tenés 15 puntos de salud o más, avanzá; si no, levantá el escudo.",S1,"Let's analyze the state and policy step by step:

1. The current bot (bot 1) has health = 5.
2. The policy says: ""Si tenés 15 puntos de salud o más, avanzá; si no, levantá el escudo.""
   - This translates to: ""If you have 15 health or more, move forward; otherwise, raise the shield.""

3. Since bot 1's health is 5, which is less than 15, the condition ""15 puntos de salud o más"" is false.
4. Therefore, the action to take is ""levantá el escudo"" → ""raise the shield"".

5. The current shield state is false (off), so we need to turn it on.
6. The command to turn the shield on is ""S1"".

FINAL: S1",S1,S1,True,True,True,True,correct,,2986.92,
qwen3:30b-a3b-instruct-2507-q4_K_M,0,d2-health-compare-b,D2-P1,D2,es_standard,Tuteo Spanish,"Si tienes tanta o más salud que el rival, dispara; si no, levanta el escudo.",B,"Let's analyze the game state and the policy step by step:

1. **Current health of bot 1 (you):** 20
2. **Current health of bot 2 (opponent):** 10
3. **Policy condition:** 
   - If your health is **greater than or equal to** the opponent's health → **fire (B)**
   - Otherwise → **set shield on (S1)**

Since 20 ≥ 10, the condition is true.

Therefore, according to the policy, you should **fire**.

FINAL: B",B,B,True,True,True,True,correct,,2220.647,
qwen3:30b-a3b-instruct-2507-q4_K_M,0,d2-health-compare-b,D2-P1,D2,es_rioplatense,Rioplatense voseo,"Si tenés tanta o más salud que el rival, dispará; si no, levantá el escudo.",B,"Let's analyze the game state and the policy step by step:

1. **Current health of bot 1 (you):** 20
2. **Current health of bot 2 (opponent):** 10
3. **Policy condition:** 
   - If your health is **greater than or equal to** the opponent's health → **fire (B)**
   - Otherwise → **set shield on (S1)**

Since 20 ≥ 10, the condition is true.

Therefore, according to the policy, you should **fire**.

FINAL: B",B,B,True,True,True,True,correct,,2088.02,
qwen3:30b-a3b-instruct-2507-q4_K_M,0,d3-xor-shields-a,D3-P2,D3,es_standard,Tuteo Spanish,"Si los dos escudos están en el mismo estado, dispara; si no, avanza.",B,"Scratchpad:
- Check the shield state of bot 1 (you): shield = false
- Check the shield state of bot 2 (opponent): shield = false
- Both shields are off → same state
- Since both shields are in the same state, the condition ""dispara"" (fire) applies
- Therefore, the action is to fire

FINAL: B",B,B,True,True,True,True,correct,,1510.466,
qwen3:30b-a3b-instruct-2507-q4_K_M,0,d3-xor-shields-a,D3-P2,D3,es_rioplatense,Rioplatense voseo,"Si los dos escudos están en el mismo estado, dispará; si no, avanzá.",B,"Scratchpad:
- Bot 1's shield state: false
- Bot 2's shield state: false
- Both shields are in the same state (both off)
- Therefore, according to the policy: ""Si los dos escudos están en el mismo estado, dispará""
- Action: fire (B)

FINAL: B",B,B,True,True,True,True,correct,,1191.06,
qwen3:30b-a3b-instruct-2507-q4_K_M,0,d1-shield-c,D1-P1,D1,es_rioplatense,Rioplatense voseo,"Si tenés el escudo bajo, dispará; si no, bajalo.",S0,"Let's analyze the policy step by step:

1. The policy says: ""Si tenés el escudo bajo, dispará; si no, bajalo.""
   - In English: ""If you have the shield down, shoot; if not, lower it.""

2. Check the current state of bot 1:
   - `shield`: true → the shield is ON (not down).
   - Therefore, the condition ""if you have the shield down"" is false.

3. Since the shield is ON, the ""si no"" (else) clause applies: ""bajalo"" → ""lower it"".

4. To lower the shield, the command is `S0` (set shield off).

FINAL: S0",S0,S0,True,True,True,True,correct,,2721.426,
qwen3:30b-a3b-instruct-2507-q4_K_M,0,d1-shield-c,D1-P1,D1,es_standard,Tuteo Spanish,"Si tienes el escudo bajo, dispara; si no, bájalo.",S0,"Let's analyze the state and policy step by step:

1. Current state of bot 1:
   - health: 8
   - x: 0.2
   - y: 0.5
   - rot: 0.0 degrees
   - shield: true (shield is on)

2. Policy interpretation:
   - ""Si tienes el escudo bajo, dispara"" → If you have the shield down, shoot.
   - ""si no, bájalo"" → If not, lower it.

   This means:
   - If shield is off (down), then shoot (B).
   - If shield is on, then turn it off (S0).

3. Current shield state: true → shield is on.

   Therefore, the condition ""if shield is down"" is false → we follow the ""si no"" branch.

   So, we must execute: ""bájalo"" → turn shield off → S0.

FINAL: S0",S0,S0,True,True,True,True,correct,,3371.537,
qwen3:30b-a3b-instruct-2507-q4_K_M,0,d5-health-difference-c,D5-P1,D5,es_standard,Tuteo Spanish,"Si no tienes al menos 10 puntos de salud más que el rival, levanta el escudo; si no, dispara.",S1,"Scratchpad:
- Bot 1 health: 10
- Bot 2 health: 25
- Difference in health: 10 - 25 = -15
- Since bot 1 does not have at least 10 more health points than bot 2 (in fact, it has 15 less), the condition ""Si no tienes al menos 10 puntos de salud más que el rival"" is true.
- Therefore, the action is to ""levantar el escudo"" → set shield on.
- Command: S1

FINAL: S1",S1,S1,True,True,True,True,correct,,2380.941,
qwen3:30b-a3b-instruct-2507-q4_K_M,0,d5-health-difference-c,D5-P1,D5,es_rioplatense,Rioplatense voseo,"Si no tenés al menos 10 puntos de salud más que el rival, levantá el escudo; si no, dispará.",S1,"Scratchpad:
- Bot 1 health: 10
- Bot 2 health: 25
- Difference in health: 10 - 25 = -15
- Since bot 1 does not have at least 10 points of health more than bot 2 (in fact, it has 15 less), the condition ""Si no tenés al menos 10 puntos de salud más que el rival"" is true.
- Therefore, according to the policy, we should ""levantá el escudo"" → set shield on.
- So the action is S1.

FINAL: S1",S1,S1,True,True,True,True,correct,,2497.592,
qwen3:30b-a3b-instruct-2507-q4_K_M,0,d1-shield-b,D1-P1,D1,es_rioplatense,Rioplatense voseo,"Si tenés el escudo bajo, dispará; si no, bajalo.",B,"Let's analyze the policy step by step:

1. The policy says: ""Si tenés el escudo bajo, dispará; si no, bajalo.""
   - In English: ""If you have the shield down, shoot; if not, lower it.""

2. Check the current state of bot 1:
   - `shield`: false → the shield is currently **off** (i.e., ""bajo"" in Spanish, meaning down).
   - So the condition ""Si tenés el escudo bajo"" is **true**.

3. Since the shield is down, the action should be to **shoot**.

4. Therefore, the correct command is: `B` (fire).

FINAL: B",B,B,True,True,True,True,correct,,2817.802,
qwen3:30b-a3b-instruct-2507-q4_K_M,0,d1-shield-b,D1-P1,D1,es_standard,Tuteo Spanish,"Si tienes el escudo bajo, dispara; si no, bájalo.",B,"Let's analyze the policy step by step:

1. The policy says: ""Si tienes el escudo bajo, dispara; si no, bájalo.""
   - In English: ""If you have the shield down, shoot; if not, lower it.""

2. Check the current state of bot 1:
   - `shield`: false → the shield is **off** (i.e., ""bajo"" in Spanish means ""down"").
   - So, the condition ""Si tienes el escudo bajo"" is **true**.

3. Therefore, according to the policy, the action is to **shoot**.

4. The command for shooting is `B`.

FINAL: B",B,B,True,True,True,True,correct,,2489.052,
qwen3:30b-a3b-instruct-2507-q4_K_M,0,d3-conjunction-d,D3-P1,D3,es_rioplatense,Rioplatense voseo,"Si tenés 15 puntos de salud o más o el escudo está levantado, dispará; si no, levantá el escudo.",B,"Let's analyze the state and policy step by step:

1. **Current health of bot 1**: 20 (from the state)
2. **Shield status of bot 1**: true (shield is on)
3. **Policy condition**:
   - ""Si tenés 15 puntos de salud o más o el escudo está levantado, dispará""
     - This means: If health >= 15 OR shield is on → fire (B)
   - ""si no, levantá el escudo""
     - Else → set shield on (S1)

Now evaluate the condition:
- Health (20) >= 15 → True
- Shield is on → True
- So the condition (health >= 15 OR shield is on) is True

Therefore, the action is to **fire**.

FINAL: B",B,B,True,True,True,True,correct,,3189.146,
qwen3:30b-a3b-instruct-2507-q4_K_M,0,d3-conjunction-d,D3-P1,D3,es_standard,Tuteo Spanish,"Si tienes 15 puntos de salud o más o el escudo está levantado, dispara; si no, levanta el escudo.",B,"Let's analyze the state and policy step by step:

1. Current health of bot 1: 20 (from the state)
2. Shield status of bot 1: true (shield is on)
3. The policy says:
   - If health >= 15 OR shield is on → fire (B)
   - Else → set shield on (S1)

Now evaluate the condition:
- health (20) >= 15 → true
- shield is on → true
- So the condition (true OR true) → true

Therefore, the action is to fire.

FINAL: B",B,B,True,True,True,True,correct,,2210.778,
qwen3:30b-a3b-instruct-2507-q4_K_M,0,d3-conjunction-b,D3-P1,D3,es_standard,Tuteo Spanish,"Si tienes 15 puntos de salud o más o el escudo está levantado, dispara; si no, levanta el escudo.",B,"Let's analyze the state and policy step by step:

1. Current health of bot 1: 10 (from the state)
2. Shield status of bot 1: true (shield is on)
3. The policy says:
   - If health >= 15 OR shield is on → fire (B)
   - Else → set shield on (S1)

Now evaluate the condition:
- Is health >= 15? → 10 >= 15? → No
- Is shield on? → Yes (true)

Since one of the conditions is true (shield is on), the condition ""health >= 15 OR shield is on"" evaluates to true.

Therefore, the action is to fire.

FINAL: B",B,B,True,True,True,True,correct,,2741.029,
qwen3:30b-a3b-instruct-2507-q4_K_M,0,d3-conjunction-b,D3-P1,D3,es_rioplatense,Rioplatense voseo,"Si tenés 15 puntos de salud o más o el escudo está levantado, dispará; si no, levantá el escudo.",B,"Let's analyze the state and policy step by step:

1. **Current health of bot 1**: 10 (from the state: ""health"": 10)
2. **Shield status of bot 1**: true (from the state: ""shield"": true)

Now evaluate the policy:
> ""Si tenés 15 puntos de salud o más o el escudo está levantado, dispará; si no, levantá el escudo.""

This translates to:
- If (health >= 15 OR shield is on) → fire (B)
- Else → set shield on (S1)

Check the condition:
- health (10) >= 15? → No
- shield is on? → Yes (true)

Since one part of the OR condition is true (shield is on), the entire condition is true.

Therefore, the action is: **fire (B)**

FINAL: B",B,B,True,True,True,True,correct,,3276.76,
qwen3:30b-a3b-instruct-2507-q4_K_M,0,d5-x-distance-c,D5-P2,D5,es_standard,Tuteo Spanish,"Calcula la distancia horizontal entre tu coordenada x y la coordenada x del rival. Si es menor que 0.4, gira 90 grados en sentido horario; si no, avanza 0.1.",M0.1,"Scratchpad:
- Your x coordinate: 0.1
- Opponent's x coordinate: 0.5
- Horizontal distance: |0.5 - 0.1| = 0.4
- Condition: Is horizontal distance < 0.4? → 0.4 < 0.4 → False
- Since the condition is false, the action is to advance 0.1 units.

FINAL: M0.1",M0.1,M0.1,True,True,True,True,correct,,1865.386,
qwen3:30b-a3b-instruct-2507-q4_K_M,0,d5-x-distance-c,D5-P2,D5,es_rioplatense,Rioplatense voseo,"Calculá la distancia horizontal entre tu coordenada x y la coordenada x del rival. Si es menor que 0.4, girá 90 grados en sentido horario; si no, avanzá 0.1.",M0.1,"Scratchpad:
- Your x-coordinate: 0.1
- Opponent's x-coordinate: 0.5
- Horizontal distance = |0.5 - 0.1| = 0.4
- Condition: if horizontal distance < 0.4 → rotate 90° clockwise; else → move forward 0.1
- Since 0.4 is not less than 0.4, the condition is false → execute ""move forward 0.1""

FINAL: M0.1",M0.1,M0.1,True,True,True,True,correct,,2010.092,
