model,repeat,case_id,task_class,tier,condition,condition_label,instruction,expected_command,raw_response,normalized_command,parsed_kind,parsed_value,valid,action_family_correct,parameter_correct,command_correct,executable_correct,diagnostic_command,diagnostic_method,diagnostic_command_correct,failure_class,latency_ms,error
mistral-small3.2:24b-instruct-2506-q4_K_M,0,natural-move-015,parameterised,naturalistic,es_rioplatense,Rioplatense Spanish,Avanzá exactamente 0.15.,M0.15,M0.15,M0.15,move,0.15,True,True,True,True,True,M0.15,strict,True,correct,22644.498,
mistral-small3.2:24b-instruct-2506-q4_K_M,0,natural-move-015,parameterised,naturalistic,es_standard,standardised Spanish,Avanza exactamente 0.15.,M0.15,M0.15,M0.15,move,0.15,True,True,True,True,True,M0.15,strict,True,correct,1303.906,
mistral-small3.2:24b-instruct-2506-q4_K_M,0,natural-move-015,parameterised,naturalistic,en,English,Advance exactly 0.15.,M0.15,M0.15,M0.15,move,0.15,True,True,True,True,True,M0.15,strict,True,correct,1270.975,
mistral-small3.2:24b-instruct-2506-q4_K_M,0,natural-opponent-low-health,state_conditioned,naturalistic,en,English,The opponent has only 5 health left and your shield is down. Fire.,B,B,B,shoot,,True,True,,True,True,B,strict,True,correct,1141.526,
mistral-small3.2:24b-instruct-2506-q4_K_M,0,natural-opponent-low-health,state_conditioned,naturalistic,es_rioplatense,Rioplatense Spanish,Al rival le quedan solo 5 puntos de salud y tenés el escudo bajo. Dispará.,B,B,B,shoot,,True,True,,True,True,B,strict,True,correct,786.856,
mistral-small3.2:24b-instruct-2506-q4_K_M,0,natural-opponent-low-health,state_conditioned,naturalistic,es_standard,standardised Spanish,Al rival solo le quedan 5 puntos de salud y tienes el escudo bajo. Dispara.,B,B,B,shoot,,True,True,,True,True,B,strict,True,correct,800.978,
mistral-small3.2:24b-instruct-2506-q4_K_M,0,state-x-left,state_conditioned,clause_level_voseo,es_standard,standardised Spanish,"Si tu coordenada x es mayor que 0.7, gira 90 grados en sentido antihorario; si no, avanza 0.1.",M0.1,A90,A90.0,rotate_ccw,90.0,True,False,False,False,False,A90.0,strict,False,action_error,2252.895,
mistral-small3.2:24b-instruct-2506-q4_K_M,0,state-x-left,state_conditioned,clause_level_voseo,en,English,"If your x coordinate is above 0.7, turn counterclockwise 90 degrees; otherwise move forward 0.1.",M0.1,A90,A90.0,rotate_ccw,90.0,True,False,False,False,False,A90.0,strict,False,action_error,1145.715,
mistral-small3.2:24b-instruct-2506-q4_K_M,0,state-x-left,state_conditioned,clause_level_voseo,es_rioplatense,Rioplatense Spanish,"Si tu coordenada x es mayor que 0.7, girá 90 grados en sentido antihorario; si no, avanzá 0.1.",M0.1,A0,A0.0,rotate_ccw,0.0,True,False,False,False,False,A0.0,strict,False,action_error,1363.823,
mistral-small3.2:24b-instruct-2506-q4_K_M,0,natural-hold-shield,state_conditioned,naturalistic,es_standard,standardised Spanish,Tienes el escudo bajo y 8 puntos de salud. Levanta el escudo.,S1,S1,S1,shield_set,1.0,True,True,True,True,True,S1,strict,True,correct,2342.576,
mistral-small3.2:24b-instruct-2506-q4_K_M,0,natural-hold-shield,state_conditioned,naturalistic,en,English,Your shield is down and your health is 8. Raise the shield.,S1,S1,S1,shield_set,1.0,True,True,True,True,True,S1,strict,True,correct,950.102,
mistral-small3.2:24b-instruct-2506-q4_K_M,0,natural-hold-shield,state_conditioned,naturalistic,es_rioplatense,Rioplatense Spanish,Tenés el escudo bajo y 8 puntos de salud. Levantá el escudo.,S1,S1,S1,shield_set,1.0,True,True,True,True,True,S1,strict,True,correct,905.961,
mistral-small3.2:24b-instruct-2506-q4_K_M,0,direct-ccw-180,parameterised,minimal_morphology,es_standard,standardised Spanish,Gira 180 grados en sentido antihorario.,A180.0,A180,A180.0,rotate_ccw,180.0,True,True,True,True,True,A180.0,strict,True,correct,2456.091,
mistral-small3.2:24b-instruct-2506-q4_K_M,0,direct-ccw-180,parameterised,minimal_morphology,en,English,Turn counterclockwise 180 degrees.,A180.0,A180,A180.0,rotate_ccw,180.0,True,True,True,True,True,A180.0,strict,True,correct,1233.015,
mistral-small3.2:24b-instruct-2506-q4_K_M,0,direct-ccw-180,parameterised,minimal_morphology,es_rioplatense,Rioplatense Spanish,Girá 180 grados en sentido antihorario.,A180.0,A180,A180.0,rotate_ccw,180.0,True,True,True,True,True,A180.0,strict,True,correct,1242.203,
mistral-small3.2:24b-instruct-2506-q4_K_M,0,natural-shield-down,state_conditioned,naturalistic,en,English,Your shield is already down. Fire now.,B,B,B,shoot,,True,True,,True,True,B,strict,True,correct,816.712,
mistral-small3.2:24b-instruct-2506-q4_K_M,0,natural-shield-down,state_conditioned,naturalistic,es_standard,standardised Spanish,Ya tienes el escudo bajo. Dispara ahora.,B,B,B,shoot,,True,True,,True,True,B,strict,True,correct,785.14,
mistral-small3.2:24b-instruct-2506-q4_K_M,0,natural-shield-down,state_conditioned,naturalistic,es_rioplatense,Rioplatense Spanish,Ya tenés el escudo bajo. Dispará ahora.,B,B,B,shoot,,True,True,,True,True,B,strict,True,correct,765.932,
mistral-small3.2:24b-instruct-2506-q4_K_M,0,state-opponent-shield-up,state_conditioned,clause_level_voseo,en,English,"If the opponent has its shield raised, move forward; otherwise fire.",M,S1,S1,shield_set,1.0,True,False,,False,False,S1,strict,False,action_error,1198.45,
mistral-small3.2:24b-instruct-2506-q4_K_M,0,state-opponent-shield-up,state_conditioned,clause_level_voseo,es_rioplatense,Rioplatense Spanish,"Si el rival tiene el escudo levantado, avanzá; si no, dispará.",M,S1,S1,shield_set,1.0,True,False,,False,False,S1,strict,False,action_error,881.841,
mistral-small3.2:24b-instruct-2506-q4_K_M,0,state-opponent-shield-up,state_conditioned,clause_level_voseo,es_standard,standardised Spanish,"Si el rival tiene el escudo levantado, avanza; si no, dispara.",M,S1,S1,shield_set,1.0,True,False,,False,False,S1,strict,False,action_error,885.291,
mistral-small3.2:24b-instruct-2506-q4_K_M,0,state-opponent-low-health,state_conditioned,clause_level_voseo,es_standard,standardised Spanish,"Si el rival tiene menos de 10 puntos de salud, dispara; si no, levanta el escudo.",B,S1,S1,shield_set,1.0,True,False,,False,False,S1,strict,False,action_error,1814.149,
mistral-small3.2:24b-instruct-2506-q4_K_M,0,state-opponent-low-health,state_conditioned,clause_level_voseo,en,English,"If the opponent has less than 10 health, fire; otherwise raise the shield.",B,S1,S1,shield_set,1.0,True,False,,False,False,S1,strict,False,action_error,934.05,
mistral-small3.2:24b-instruct-2506-q4_K_M,0,state-opponent-low-health,state_conditioned,clause_level_voseo,es_rioplatense,Rioplatense Spanish,"Si el rival tiene menos de 10 puntos de salud, dispará; si no, levantá el escudo.",B,S1,S1,shield_set,1.0,True,False,,False,False,S1,strict,False,action_error,946.205,
mistral-small3.2:24b-instruct-2506-q4_K_M,0,state-opponent-shield-down,state_conditioned,clause_level_voseo,en,English,"If the opponent has its shield raised, move forward; otherwise fire.",B,S1,S1,shield_set,1.0,True,False,,False,False,S1,strict,False,action_error,1272.897,
mistral-small3.2:24b-instruct-2506-q4_K_M,0,state-opponent-shield-down,state_conditioned,clause_level_voseo,es_rioplatense,Rioplatense Spanish,"Si el rival tiene el escudo levantado, avanzá; si no, dispará.",B,S1,S1,shield_set,1.0,True,False,,False,False,S1,strict,False,action_error,905.459,
mistral-small3.2:24b-instruct-2506-q4_K_M,0,state-opponent-shield-down,state_conditioned,clause_level_voseo,es_standard,standardised Spanish,"Si el rival tiene el escudo levantado, avanza; si no, dispara.",B,S1,S1,shield_set,1.0,True,False,,False,False,S1,strict,False,action_error,872.961,
mistral-small3.2:24b-instruct-2506-q4_K_M,0,direct-move-010,parameterised,minimal_morphology,en,English,Move forward 0.1.,M0.1,M0.1,M0.1,move,0.1,True,True,True,True,True,M0.1,strict,True,correct,1200.921,
mistral-small3.2:24b-instruct-2506-q4_K_M,0,direct-move-010,parameterised,minimal_morphology,es_standard,standardised Spanish,Avanza 0.1 hacia adelante.,M0.1,M0.1,M0.1,move,0.1,True,True,True,True,True,M0.1,strict,True,correct,1201.087,
mistral-small3.2:24b-instruct-2506-q4_K_M,0,direct-move-010,parameterised,minimal_morphology,es_rioplatense,Rioplatense Spanish,Avanzá 0.1 hacia adelante.,M0.1,M0.1,M0.1,move,0.1,True,True,True,True,True,M0.1,strict,True,correct,1197.796,
mistral-small3.2:24b-instruct-2506-q4_K_M,0,direct-cw-090,parameterised,minimal_morphology,en,English,Turn clockwise 90 degrees.,C90.0,A90,A90.0,rotate_ccw,90.0,True,False,True,False,False,A90.0,strict,False,action_error,1144.075,
mistral-small3.2:24b-instruct-2506-q4_K_M,0,direct-cw-090,parameterised,minimal_morphology,es_rioplatense,Rioplatense Spanish,Girá 90 grados en sentido horario.,C90.0,C90,C90.0,rotate_cw,90.0,True,True,True,True,True,C90.0,strict,True,correct,1039.218,
mistral-small3.2:24b-instruct-2506-q4_K_M,0,direct-cw-090,parameterised,minimal_morphology,es_standard,standardised Spanish,Gira 90 grados en sentido horario.,C90.0,C90,C90.0,rotate_cw,90.0,True,True,True,True,True,C90.0,strict,True,correct,1037.731,
mistral-small3.2:24b-instruct-2506-q4_K_M,0,natural-low-health,state_conditioned,naturalistic,en,English,You only have 5 health left. Raise the shield to protect yourself.,S1,S1,S1,shield_set,1.0,True,True,True,True,True,S1,strict,True,correct,2610.515,
mistral-small3.2:24b-instruct-2506-q4_K_M,0,natural-low-health,state_conditioned,naturalistic,es_rioplatense,Rioplatense Spanish,Te quedan solo 5 puntos de salud. Levantá el escudo para protegerte.,S1,S1,S1,shield_set,1.0,True,True,True,True,True,S1,strict,True,correct,930.828,
mistral-small3.2:24b-instruct-2506-q4_K_M,0,natural-low-health,state_conditioned,naturalistic,es_standard,standardised Spanish,Solo te quedan 5 puntos de salud. Levanta el escudo para protegerte.,S1,S1,S1,shield_set,1.0,True,True,True,True,True,S1,strict,True,correct,923.457,
mistral-small3.2:24b-instruct-2506-q4_K_M,0,state-opponent-high-health,state_conditioned,clause_level_voseo,es_standard,standardised Spanish,"Si el rival tiene menos de 10 puntos de salud, dispara; si no, levanta el escudo.",S1,S1,S1,shield_set,1.0,True,True,True,True,True,S1,strict,True,correct,2527.937,
mistral-small3.2:24b-instruct-2506-q4_K_M,0,state-opponent-high-health,state_conditioned,clause_level_voseo,es_rioplatense,Rioplatense Spanish,"Si el rival tiene menos de 10 puntos de salud, dispará; si no, levantá el escudo.",S1,S1,S1,shield_set,1.0,True,True,True,True,True,S1,strict,True,correct,922.289,
mistral-small3.2:24b-instruct-2506-q4_K_M,0,state-opponent-high-health,state_conditioned,clause_level_voseo,en,English,"If the opponent has less than 10 health, fire; otherwise raise the shield.",S1,S1,S1,shield_set,1.0,True,True,True,True,True,S1,strict,True,correct,935.068,
mistral-small3.2:24b-instruct-2506-q4_K_M,0,state-x-right,state_conditioned,clause_level_voseo,en,English,"If your x coordinate is above 0.7, turn counterclockwise 90 degrees; otherwise move forward 0.1.",A90.0,A90,A90.0,rotate_ccw,90.0,True,True,True,True,True,A90.0,strict,True,correct,2174.161,
mistral-small3.2:24b-instruct-2506-q4_K_M,0,state-x-right,state_conditioned,clause_level_voseo,es_standard,standardised Spanish,"Si tu coordenada x es mayor que 0.7, gira 90 grados en sentido antihorario; si no, avanza 0.1.",A90.0,A90,A90.0,rotate_ccw,90.0,True,True,True,True,True,A90.0,strict,True,correct,1534.678,
mistral-small3.2:24b-instruct-2506-q4_K_M,0,state-x-right,state_conditioned,clause_level_voseo,es_rioplatense,Rioplatense Spanish,"Si tu coordenada x es mayor que 0.7, girá 90 grados en sentido antihorario; si no, avanzá 0.1.",A90.0,A90,A90.0,rotate_ccw,90.0,True,True,True,True,True,A90.0,strict,True,correct,1079.303,
mistral-small3.2:24b-instruct-2506-q4_K_M,0,state-low-health,state_conditioned,clause_level_voseo,es_standard,standardised Spanish,"Si tienes menos de 15 puntos de salud, levanta el escudo; si no, avanza.",S1,S1,S1,shield_set,1.0,True,True,True,True,True,S1,strict,True,correct,2459.076,
mistral-small3.2:24b-instruct-2506-q4_K_M,0,state-low-health,state_conditioned,clause_level_voseo,en,English,"If your health is below 15, raise the shield; otherwise move forward.",S1,S1,S1,shield_set,1.0,True,True,True,True,True,S1,strict,True,correct,875.946,
mistral-small3.2:24b-instruct-2506-q4_K_M,0,state-low-health,state_conditioned,clause_level_voseo,es_rioplatense,Rioplatense Spanish,"Si tenés menos de 15 puntos de salud, levantá el escudo; si no, avanzá.",S1,S1,S1,shield_set,1.0,True,True,True,True,True,S1,strict,True,correct,947.292,
mistral-small3.2:24b-instruct-2506-q4_K_M,0,state-own-shield-down,state_conditioned,clause_level_voseo,es_standard,standardised Spanish,"Si tienes el escudo levantado, bájalo; si no, dispara.",B,S,S,shield_toggle,,True,False,,False,False,S,strict,False,action_error,2393.816,
mistral-small3.2:24b-instruct-2506-q4_K_M,0,state-own-shield-down,state_conditioned,clause_level_voseo,en,English,"If your shield is raised, lower it; otherwise fire.",B,S,S,shield_toggle,,True,False,,False,False,S,strict,False,action_error,838.245,
mistral-small3.2:24b-instruct-2506-q4_K_M,0,state-own-shield-down,state_conditioned,clause_level_voseo,es_rioplatense,Rioplatense Spanish,"Si tenés el escudo levantado, bajalo; si no, dispará.",B,S,S,shield_toggle,,True,False,,False,False,S,strict,False,action_error,838.006,
mistral-small3.2:24b-instruct-2506-q4_K_M,0,direct-shield-up,direct,minimal_morphology,es_rioplatense,Rioplatense Spanish,Levantá el escudo.,S1,S1,S1,shield_set,1.0,True,True,True,True,True,S1,strict,True,correct,955.873,
mistral-small3.2:24b-instruct-2506-q4_K_M,0,direct-shield-up,direct,minimal_morphology,en,English,Raise the shield.,S1,S1,S1,shield_set,1.0,True,True,True,True,True,S1,strict,True,correct,974.508,
mistral-small3.2:24b-instruct-2506-q4_K_M,0,direct-shield-up,direct,minimal_morphology,es_standard,standardised Spanish,Levanta el escudo.,S1,S1,S1,shield_set,1.0,True,True,True,True,True,S1,strict,True,correct,968.844,
mistral-small3.2:24b-instruct-2506-q4_K_M,0,direct-move-default,direct,minimal_morphology,en,English,Move forward.,M,M,M,move,,True,True,,True,True,M,strict,True,correct,587.496,
mistral-small3.2:24b-instruct-2506-q4_K_M,0,direct-move-default,direct,minimal_morphology,es_standard,standardised Spanish,Avanza.,M,M,M,move,,True,True,,True,True,M,strict,True,correct,689.108,
mistral-small3.2:24b-instruct-2506-q4_K_M,0,direct-move-default,direct,minimal_morphology,es_rioplatense,Rioplatense Spanish,Avanzá.,M,M,M,move,,True,True,,True,True,M,strict,True,correct,639.431,
mistral-small3.2:24b-instruct-2506-q4_K_M,0,natural-cw-120,parameterised,naturalistic,es_rioplatense,Rioplatense Spanish,Hacé un giro de exactamente 120 grados en sentido horario.,C120.0,C120,C120.0,rotate_cw,120.0,True,True,True,True,True,C120.0,strict,True,correct,1282.163,
mistral-small3.2:24b-instruct-2506-q4_K_M,0,natural-cw-120,parameterised,naturalistic,es_standard,standardised Spanish,Haz un giro de exactamente 120 grados en sentido horario.,C120.0,C120,C120.0,rotate_cw,120.0,True,True,True,True,True,C120.0,strict,True,correct,1296.768,
mistral-small3.2:24b-instruct-2506-q4_K_M,0,natural-cw-120,parameterised,naturalistic,en,English,Make a clockwise turn of exactly 120 degrees.,C120.0,C120,C120.0,rotate_cw,120.0,True,True,True,True,True,C120.0,strict,True,correct,1333.474,
mistral-small3.2:24b-instruct-2506-q4_K_M,0,natural-open-shield,state_conditioned,naturalistic,en,English,"The opponent is nearly defeated, but your shield is up. Lower your shield this turn.",S0,S,S,shield_toggle,,True,False,False,False,True,S,strict,False,action_error,2049.318,
mistral-small3.2:24b-instruct-2506-q4_K_M,0,natural-open-shield,state_conditioned,naturalistic,es_standard,standardised Spanish,"El rival está casi derrotado, pero tienes el escudo levantado. Baja el escudo en este turno.",S0,S,S,shield_toggle,,True,False,False,False,True,S,strict,False,action_error,941.0,
mistral-small3.2:24b-instruct-2506-q4_K_M,0,natural-open-shield,state_conditioned,naturalistic,es_rioplatense,Rioplatense Spanish,"El rival está casi derrotado, pero tenés el escudo levantado. Bajá el escudo en este turno.",S0,S0,S0,shield_set,0.0,True,True,True,True,True,S0,strict,True,correct,987.908,
mistral-small3.2:24b-instruct-2506-q4_K_M,0,direct-cw-030,parameterised,minimal_morphology,en,English,Turn clockwise 30 degrees.,C30.0,A30,A30.0,rotate_ccw,30.0,True,False,True,False,False,A30.0,strict,False,action_error,2100.572,
mistral-small3.2:24b-instruct-2506-q4_K_M,0,direct-cw-030,parameterised,minimal_morphology,es_rioplatense,Rioplatense Spanish,Girá 30 grados en sentido horario.,C30.0,C30,C30.0,rotate_cw,30.0,True,True,True,True,True,C30.0,strict,True,correct,1201.065,
mistral-small3.2:24b-instruct-2506-q4_K_M,0,direct-cw-030,parameterised,minimal_morphology,es_standard,standardised Spanish,Gira 30 grados en sentido horario.,C30.0,A<number>,ERR,invalid,,False,False,False,False,False,,,False,invalid_unrecoverable,1224.392,
mistral-small3.2:24b-instruct-2506-q4_K_M,0,direct-fire,direct,minimal_morphology,en,English,Fire.,B,B,B,shoot,,True,True,,True,True,B,strict,True,correct,710.439,
mistral-small3.2:24b-instruct-2506-q4_K_M,0,direct-fire,direct,minimal_morphology,es_standard,standardised Spanish,Dispara.,B,B,B,shoot,,True,True,,True,True,B,strict,True,correct,608.817,
mistral-small3.2:24b-instruct-2506-q4_K_M,0,direct-fire,direct,minimal_morphology,es_rioplatense,Rioplatense Spanish,Dispará.,B,B,B,shoot,,True,True,,True,True,B,strict,True,correct,602.782,
mistral-small3.2:24b-instruct-2506-q4_K_M,0,natural-move-005,parameterised,naturalistic,en,English,Take a short step forward of 0.05.,M0.05,M0.05,M0.05,move,0.05,True,True,True,True,True,M0.05,strict,True,correct,1565.904,
mistral-small3.2:24b-instruct-2506-q4_K_M,0,natural-move-005,parameterised,naturalistic,es_standard,standardised Spanish,Avanza un paso corto de 0.05 hacia adelante.,M0.05,M0.05,M0.05,move,0.05,True,True,True,True,True,M0.05,strict,True,correct,1593.248,
mistral-small3.2:24b-instruct-2506-q4_K_M,0,natural-move-005,parameterised,naturalistic,es_rioplatense,Rioplatense Spanish,Avanzá un paso corto de 0.05 hacia adelante.,M0.05,M0.05,M0.05,move,0.05,True,True,True,True,True,M0.05,strict,True,correct,1546.471,
mistral-small3.2:24b-instruct-2506-q4_K_M,0,state-high-health,state_conditioned,clause_level_voseo,es_standard,standardised Spanish,"Si tienes menos de 15 puntos de salud, levanta el escudo; si no, avanza.",M,S1,S1,shield_set,1.0,True,False,,False,False,S1,strict,False,action_error,2743.133,
mistral-small3.2:24b-instruct-2506-q4_K_M,0,state-high-health,state_conditioned,clause_level_voseo,en,English,"If your health is below 15, raise the shield; otherwise move forward.",M,S1,S1,shield_set,1.0,True,False,,False,False,S1,strict,False,action_error,1115.196,
mistral-small3.2:24b-instruct-2506-q4_K_M,0,state-high-health,state_conditioned,clause_level_voseo,es_rioplatense,Rioplatense Spanish,"Si tenés menos de 15 puntos de salud, levantá el escudo; si no, avanzá.",M,S1,S1,shield_set,1.0,True,False,,False,False,S1,strict,False,action_error,1035.753,
mistral-small3.2:24b-instruct-2506-q4_K_M,0,state-own-shield-up,state_conditioned,clause_level_voseo,es_standard,standardised Spanish,"Si tienes el escudo levantado, bájalo; si no, dispara.",S0,S,S,shield_toggle,,True,False,False,False,True,S,strict,False,action_error,2444.053,
mistral-small3.2:24b-instruct-2506-q4_K_M,0,state-own-shield-up,state_conditioned,clause_level_voseo,es_rioplatense,Rioplatense Spanish,"Si tenés el escudo levantado, bajalo; si no, dispará.",S0,S,S,shield_toggle,,True,False,False,False,True,S,strict,False,action_error,963.239,
mistral-small3.2:24b-instruct-2506-q4_K_M,0,state-own-shield-up,state_conditioned,clause_level_voseo,en,English,"If your shield is raised, lower it; otherwise fire.",S0,S,S,shield_toggle,,True,False,False,False,True,S,strict,False,action_error,925.293,
mistral-small3.2:24b-instruct-2506-q4_K_M,0,direct-move-020,parameterised,minimal_morphology,es_rioplatense,Rioplatense Spanish,Avanzá 0.2 hacia adelante.,M0.2,M0.2,M0.2,move,0.2,True,True,True,True,True,M0.2,strict,True,correct,2484.689,
mistral-small3.2:24b-instruct-2506-q4_K_M,0,direct-move-020,parameterised,minimal_morphology,en,English,Move forward 0.2.,M0.2,M0.2,M0.2,move,0.2,True,True,True,True,True,M0.2,strict,True,correct,1417.818,
mistral-small3.2:24b-instruct-2506-q4_K_M,0,direct-move-020,parameterised,minimal_morphology,es_standard,standardised Spanish,Avanza 0.2 hacia adelante.,M0.2,M0.2,M0.2,move,0.2,True,True,True,True,True,M0.2,strict,True,correct,1467.93,
mistral-small3.2:24b-instruct-2506-q4_K_M,0,natural-ccw-060,parameterised,naturalistic,en,English,Make a counterclockwise turn of exactly 60 degrees.,A60.0,A60,A60.0,rotate_ccw,60.0,True,True,True,True,True,A60.0,strict,True,correct,1290.376,
mistral-small3.2:24b-instruct-2506-q4_K_M,0,natural-ccw-060,parameterised,naturalistic,es_standard,standardised Spanish,Haz un giro de exactamente 60 grados en sentido antihorario.,A60.0,A60,A60.0,rotate_ccw,60.0,True,True,True,True,True,A60.0,strict,True,correct,1312.829,
mistral-small3.2:24b-instruct-2506-q4_K_M,0,natural-ccw-060,parameterised,naturalistic,es_rioplatense,Rioplatense Spanish,Hacé un giro de exactamente 60 grados en sentido antihorario.,A60.0,A60,A60.0,rotate_ccw,60.0,True,True,True,True,True,A60.0,strict,True,correct,1296.127,
mistral-small3.2:24b-instruct-2506-q4_K_M,0,natural-shield-up,state_conditioned,naturalistic,es_standard,standardised Spanish,Tienes el escudo levantado. Bájalo ahora para poder disparar en un turno posterior.,S0,S0,S0,shield_set,0.0,True,True,True,True,True,S0,strict,True,correct,2310.745,
mistral-small3.2:24b-instruct-2506-q4_K_M,0,natural-shield-up,state_conditioned,naturalistic,en,English,Your shield is up. Lower it now so you can fire on a later turn.,S0,S,S,shield_toggle,,True,False,False,False,True,S,strict,False,action_error,1014.086,
mistral-small3.2:24b-instruct-2506-q4_K_M,0,natural-shield-up,state_conditioned,naturalistic,es_rioplatense,Rioplatense Spanish,Tenés el escudo levantado. Bajalo ahora para poder disparar en un turno posterior.,S0,S0,S0,shield_set,0.0,True,True,True,True,True,S0,strict,True,correct,1133.377,
mistral-small3.2:24b-instruct-2506-q4_K_M,0,direct-ccw-045,parameterised,minimal_morphology,es_rioplatense,Rioplatense Spanish,Girá 45 grados en sentido antihorario.,A45.0,A45,A45.0,rotate_ccw,45.0,True,True,True,True,True,A45.0,strict,True,correct,2537.731,
mistral-small3.2:24b-instruct-2506-q4_K_M,0,direct-ccw-045,parameterised,minimal_morphology,es_standard,standardised Spanish,Gira 45 grados en sentido antihorario.,A45.0,A<number>,ERR,invalid,,False,False,False,False,False,,,False,invalid_unrecoverable,1405.351,
mistral-small3.2:24b-instruct-2506-q4_K_M,0,direct-ccw-045,parameterised,minimal_morphology,en,English,Turn counterclockwise 45 degrees.,A45.0,A45,A45.0,rotate_ccw,45.0,True,True,True,True,True,A45.0,strict,True,correct,1335.21,
mistral-small3.2:24b-instruct-2506-q4_K_M,0,direct-shield-down,direct,minimal_morphology,en,English,Lower the shield.,S0,S,S,shield_toggle,,True,False,False,False,True,S,strict,False,action_error,2227.027,
mistral-small3.2:24b-instruct-2506-q4_K_M,0,direct-shield-down,direct,minimal_morphology,es_rioplatense,Rioplatense Spanish,Bajá el escudo.,S0,S0,S0,shield_set,0.0,True,True,True,True,True,S0,strict,True,correct,1159.954,
mistral-small3.2:24b-instruct-2506-q4_K_M,0,direct-shield-down,direct,minimal_morphology,es_standard,standardised Spanish,Baja el escudo.,S0,S0,S0,shield_set,0.0,True,True,True,True,True,S0,strict,True,correct,906.843,
qwen3:30b-a3b-instruct-2507-q4_K_M,0,direct-ccw-045,parameterised,minimal_morphology,es_rioplatense,Rioplatense Spanish,Girá 45 grados en sentido antihorario.,A45.0,A45,A45.0,rotate_ccw,45.0,True,True,True,True,True,A45.0,strict,True,correct,13573.423,
qwen3:30b-a3b-instruct-2507-q4_K_M,0,direct-ccw-045,parameterised,minimal_morphology,en,English,Turn counterclockwise 45 degrees.,A45.0,A45,A45.0,rotate_ccw,45.0,True,True,True,True,True,A45.0,strict,True,correct,547.127,
qwen3:30b-a3b-instruct-2507-q4_K_M,0,direct-ccw-045,parameterised,minimal_morphology,es_standard,standardised Spanish,Gira 45 grados en sentido antihorario.,A45.0,A45,A45.0,rotate_ccw,45.0,True,True,True,True,True,A45.0,strict,True,correct,511.498,
qwen3:30b-a3b-instruct-2507-q4_K_M,0,natural-cw-120,parameterised,naturalistic,en,English,Make a clockwise turn of exactly 120 degrees.,C120.0,C120,C120.0,rotate_cw,120.0,True,True,True,True,True,C120.0,strict,True,correct,565.943,
qwen3:30b-a3b-instruct-2507-q4_K_M,0,natural-cw-120,parameterised,naturalistic,es_standard,standardised Spanish,Haz un giro de exactamente 120 grados en sentido horario.,C120.0,C120,C120.0,rotate_cw,120.0,True,True,True,True,True,C120.0,strict,True,correct,668.15,
qwen3:30b-a3b-instruct-2507-q4_K_M,0,natural-cw-120,parameterised,naturalistic,es_rioplatense,Rioplatense Spanish,Hacé un giro de exactamente 120 grados en sentido horario.,C120.0,C120,C120.0,rotate_cw,120.0,True,True,True,True,True,C120.0,strict,True,correct,712.661,
qwen3:30b-a3b-instruct-2507-q4_K_M,0,direct-cw-090,parameterised,minimal_morphology,es_standard,standardised Spanish,Gira 90 grados en sentido horario.,C90.0,C90,C90.0,rotate_cw,90.0,True,True,True,True,True,C90.0,strict,True,correct,617.65,
qwen3:30b-a3b-instruct-2507-q4_K_M,0,direct-cw-090,parameterised,minimal_morphology,en,English,Turn clockwise 90 degrees.,C90.0,C90,C90.0,rotate_cw,90.0,True,True,True,True,True,C90.0,strict,True,correct,479.26,
qwen3:30b-a3b-instruct-2507-q4_K_M,0,direct-cw-090,parameterised,minimal_morphology,es_rioplatense,Rioplatense Spanish,Girá 90 grados en sentido horario.,C90.0,C90,C90.0,rotate_cw,90.0,True,True,True,True,True,C90.0,strict,True,correct,623.703,
qwen3:30b-a3b-instruct-2507-q4_K_M,0,state-high-health,state_conditioned,clause_level_voseo,es_standard,standardised Spanish,"Si tienes menos de 15 puntos de salud, levanta el escudo; si no, avanza.",M,S1,S1,shield_set,1.0,True,False,,False,False,S1,strict,False,action_error,961.495,
qwen3:30b-a3b-instruct-2507-q4_K_M,0,state-high-health,state_conditioned,clause_level_voseo,en,English,"If your health is below 15, raise the shield; otherwise move forward.",M,S1,S1,shield_set,1.0,True,False,,False,False,S1,strict,False,action_error,551.392,
qwen3:30b-a3b-instruct-2507-q4_K_M,0,state-high-health,state_conditioned,clause_level_voseo,es_rioplatense,Rioplatense Spanish,"Si tenés menos de 15 puntos de salud, levantá el escudo; si no, avanzá.",M,M,M,move,,True,True,,True,True,M,strict,True,correct,654.02,
qwen3:30b-a3b-instruct-2507-q4_K_M,0,natural-move-005,parameterised,naturalistic,en,English,Take a short step forward of 0.05.,M0.05,M0.05,M0.05,move,0.05,True,True,True,True,True,M0.05,strict,True,correct,957.641,
qwen3:30b-a3b-instruct-2507-q4_K_M,0,natural-move-005,parameterised,naturalistic,es_standard,standardised Spanish,Avanza un paso corto de 0.05 hacia adelante.,M0.05,M0.05,M0.05,move,0.05,True,True,True,True,True,M0.05,strict,True,correct,637.285,
qwen3:30b-a3b-instruct-2507-q4_K_M,0,natural-move-005,parameterised,naturalistic,es_rioplatense,Rioplatense Spanish,Avanzá un paso corto de 0.05 hacia adelante.,M0.05,M0.05,M0.05,move,0.05,True,True,True,True,True,M0.05,strict,True,correct,640.607,
qwen3:30b-a3b-instruct-2507-q4_K_M,0,state-own-shield-down,state_conditioned,clause_level_voseo,es_standard,standardised Spanish,"Si tienes el escudo levantado, bájalo; si no, dispara.",B,S0,S0,shield_set,0.0,True,False,,False,False,S0,strict,False,action_error,568.831,
qwen3:30b-a3b-instruct-2507-q4_K_M,0,state-own-shield-down,state_conditioned,clause_level_voseo,en,English,"If your shield is raised, lower it; otherwise fire.",B,S0,S0,shield_set,0.0,True,False,,False,False,S0,strict,False,action_error,505.619,
qwen3:30b-a3b-instruct-2507-q4_K_M,0,state-own-shield-down,state_conditioned,clause_level_voseo,es_rioplatense,Rioplatense Spanish,"Si tenés el escudo levantado, bajalo; si no, dispará.",B,B,B,shoot,,True,True,,True,True,B,strict,True,correct,578.952,
qwen3:30b-a3b-instruct-2507-q4_K_M,0,natural-hold-shield,state_conditioned,naturalistic,en,English,Your shield is down and your health is 8. Raise the shield.,S1,S1,S1,shield_set,1.0,True,True,True,True,True,S1,strict,True,correct,862.327,
qwen3:30b-a3b-instruct-2507-q4_K_M,0,natural-hold-shield,state_conditioned,naturalistic,es_standard,standardised Spanish,Tienes el escudo bajo y 8 puntos de salud. Levanta el escudo.,S1,S1,S1,shield_set,1.0,True,True,True,True,True,S1,strict,True,correct,572.177,
qwen3:30b-a3b-instruct-2507-q4_K_M,0,natural-hold-shield,state_conditioned,naturalistic,es_rioplatense,Rioplatense Spanish,Tenés el escudo bajo y 8 puntos de salud. Levantá el escudo.,S1,S1,S1,shield_set,1.0,True,True,True,True,True,S1,strict,True,correct,573.114,
qwen3:30b-a3b-instruct-2507-q4_K_M,0,natural-open-shield,state_conditioned,naturalistic,es_standard,standardised Spanish,"El rival está casi derrotado, pero tienes el escudo levantado. Baja el escudo en este turno.",S0,S0,S0,shield_set,0.0,True,True,True,True,True,S0,strict,True,correct,920.869,
qwen3:30b-a3b-instruct-2507-q4_K_M,0,natural-open-shield,state_conditioned,naturalistic,es_rioplatense,Rioplatense Spanish,"El rival está casi derrotado, pero tenés el escudo levantado. Bajá el escudo en este turno.",S0,S0,S0,shield_set,0.0,True,True,True,True,True,S0,strict,True,correct,599.152,
qwen3:30b-a3b-instruct-2507-q4_K_M,0,natural-open-shield,state_conditioned,naturalistic,en,English,"The opponent is nearly defeated, but your shield is up. Lower your shield this turn.",S0,S0,S0,shield_set,0.0,True,True,True,True,True,S0,strict,True,correct,549.66,
qwen3:30b-a3b-instruct-2507-q4_K_M,0,natural-shield-down,state_conditioned,naturalistic,en,English,Your shield is already down. Fire now.,B,B,B,shoot,,True,True,,True,True,B,strict,True,correct,795.895,
qwen3:30b-a3b-instruct-2507-q4_K_M,0,natural-shield-down,state_conditioned,naturalistic,es_rioplatense,Rioplatense Spanish,Ya tenés el escudo bajo. Dispará ahora.,B,B,B,shoot,,True,True,,True,True,B,strict,True,correct,461.805,
qwen3:30b-a3b-instruct-2507-q4_K_M,0,natural-shield-down,state_conditioned,naturalistic,es_standard,standardised Spanish,Ya tienes el escudo bajo. Dispara ahora.,B,B,B,shoot,,True,True,,True,True,B,strict,True,correct,455.333,
qwen3:30b-a3b-instruct-2507-q4_K_M,0,state-own-shield-up,state_conditioned,clause_level_voseo,en,English,"If your shield is raised, lower it; otherwise fire.",S0,S0,S0,shield_set,0.0,True,True,True,True,True,S0,strict,True,correct,814.768,
qwen3:30b-a3b-instruct-2507-q4_K_M,0,state-own-shield-up,state_conditioned,clause_level_voseo,es_standard,standardised Spanish,"Si tienes el escudo levantado, bájalo; si no, dispara.",S0,S0,S0,shield_set,0.0,True,True,True,True,True,S0,strict,True,correct,551.389,
qwen3:30b-a3b-instruct-2507-q4_K_M,0,state-own-shield-up,state_conditioned,clause_level_voseo,es_rioplatense,Rioplatense Spanish,"Si tenés el escudo levantado, bajalo; si no, dispará.",S0,S0,S0,shield_set,0.0,True,True,True,True,True,S0,strict,True,correct,563.301,
qwen3:30b-a3b-instruct-2507-q4_K_M,0,state-opponent-shield-up,state_conditioned,clause_level_voseo,en,English,"If the opponent has its shield raised, move forward; otherwise fire.",M,M,M,move,,True,True,,True,True,M,strict,True,correct,771.503,
qwen3:30b-a3b-instruct-2507-q4_K_M,0,state-opponent-shield-up,state_conditioned,clause_level_voseo,es_rioplatense,Rioplatense Spanish,"Si el rival tiene el escudo levantado, avanzá; si no, dispará.",M,B,B,shoot,,True,False,,False,False,B,strict,False,action_error,541.205,
qwen3:30b-a3b-instruct-2507-q4_K_M,0,state-opponent-shield-up,state_conditioned,clause_level_voseo,es_standard,standardised Spanish,"Si el rival tiene el escudo levantado, avanza; si no, dispara.",M,S1,S1,shield_set,1.0,True,False,,False,False,S1,strict,False,action_error,456.513,
qwen3:30b-a3b-instruct-2507-q4_K_M,0,state-x-right,state_conditioned,clause_level_voseo,es_rioplatense,Rioplatense Spanish,"Si tu coordenada x es mayor que 0.7, girá 90 grados en sentido antihorario; si no, avanzá 0.1.",A90.0,A90,A90.0,rotate_ccw,90.0,True,True,True,True,True,A90.0,strict,True,correct,900.587,
qwen3:30b-a3b-instruct-2507-q4_K_M,0,state-x-right,state_conditioned,clause_level_voseo,es_standard,standardised Spanish,"Si tu coordenada x es mayor que 0.7, gira 90 grados en sentido antihorario; si no, avanza 0.1.",A90.0,A90,A90.0,rotate_ccw,90.0,True,True,True,True,True,A90.0,strict,True,correct,681.264,
qwen3:30b-a3b-instruct-2507-q4_K_M,0,state-x-right,state_conditioned,clause_level_voseo,en,English,"If your x coordinate is above 0.7, turn counterclockwise 90 degrees; otherwise move forward 0.1.",A90.0,A90,A90.0,rotate_ccw,90.0,True,True,True,True,True,A90.0,strict,True,correct,697.483,
qwen3:30b-a3b-instruct-2507-q4_K_M,0,direct-fire,direct,minimal_morphology,es_rioplatense,Rioplatense Spanish,Dispará.,B,B,B,shoot,,True,True,,True,True,B,strict,True,correct,817.857,
qwen3:30b-a3b-instruct-2507-q4_K_M,0,direct-fire,direct,minimal_morphology,es_standard,standardised Spanish,Dispara.,B,B,B,shoot,,True,True,,True,True,B,strict,True,correct,403.872,
qwen3:30b-a3b-instruct-2507-q4_K_M,0,direct-fire,direct,minimal_morphology,en,English,Fire.,B,B,B,shoot,,True,True,,True,True,B,strict,True,correct,297.825,
qwen3:30b-a3b-instruct-2507-q4_K_M,0,natural-opponent-low-health,state_conditioned,naturalistic,es_standard,standardised Spanish,Al rival solo le quedan 5 puntos de salud y tienes el escudo bajo. Dispara.,B,B,B,shoot,,True,True,,True,True,B,strict,True,correct,722.315,
qwen3:30b-a3b-instruct-2507-q4_K_M,0,natural-opponent-low-health,state_conditioned,naturalistic,es_rioplatense,Rioplatense Spanish,Al rival le quedan solo 5 puntos de salud y tenés el escudo bajo. Dispará.,B,B,B,shoot,,True,True,,True,True,B,strict,True,correct,536.816,
qwen3:30b-a3b-instruct-2507-q4_K_M,0,natural-opponent-low-health,state_conditioned,naturalistic,en,English,The opponent has only 5 health left and your shield is down. Fire.,B,B,B,shoot,,True,True,,True,True,B,strict,True,correct,475.106,
qwen3:30b-a3b-instruct-2507-q4_K_M,0,natural-move-015,parameterised,naturalistic,en,English,Advance exactly 0.15.,M0.15,M0.15,M0.15,move,0.15,True,True,True,True,True,M0.15,strict,True,correct,862.683,
qwen3:30b-a3b-instruct-2507-q4_K_M,0,natural-move-015,parameterised,naturalistic,es_rioplatense,Rioplatense Spanish,Avanzá exactamente 0.15.,M0.15,M0.15,M0.15,move,0.15,True,True,True,True,True,M0.15,strict,True,correct,606.677,
qwen3:30b-a3b-instruct-2507-q4_K_M,0,natural-move-015,parameterised,naturalistic,es_standard,standardised Spanish,Avanza exactamente 0.15.,M0.15,M0.15,M0.15,move,0.15,True,True,True,True,True,M0.15,strict,True,correct,569.59,
qwen3:30b-a3b-instruct-2507-q4_K_M,0,direct-move-020,parameterised,minimal_morphology,en,English,Move forward 0.2.,M0.2,M0.2,M0.2,move,0.2,True,True,True,True,True,M0.2,strict,True,correct,511.421,
qwen3:30b-a3b-instruct-2507-q4_K_M,0,direct-move-020,parameterised,minimal_morphology,es_rioplatense,Rioplatense Spanish,Avanzá 0.2 hacia adelante.,M0.2,M0.2,M0.2,move,0.2,True,True,True,True,True,M0.2,strict,True,correct,555.978,
qwen3:30b-a3b-instruct-2507-q4_K_M,0,direct-move-020,parameterised,minimal_morphology,es_standard,standardised Spanish,Avanza 0.2 hacia adelante.,M0.2,M0.2,M0.2,move,0.2,True,True,True,True,True,M0.2,strict,True,correct,535.633,
qwen3:30b-a3b-instruct-2507-q4_K_M,0,natural-ccw-060,parameterised,naturalistic,es_rioplatense,Rioplatense Spanish,Hacé un giro de exactamente 60 grados en sentido antihorario.,A60.0,A60,A60.0,rotate_ccw,60.0,True,True,True,True,True,A60.0,strict,True,correct,594.25,
qwen3:30b-a3b-instruct-2507-q4_K_M,0,natural-ccw-060,parameterised,naturalistic,en,English,Make a counterclockwise turn of exactly 60 degrees.,A60.0,A60,A60.0,rotate_ccw,60.0,True,True,True,True,True,A60.0,strict,True,correct,541.379,
qwen3:30b-a3b-instruct-2507-q4_K_M,0,natural-ccw-060,parameterised,naturalistic,es_standard,standardised Spanish,Haz un giro de exactamente 60 grados en sentido antihorario.,A60.0,A60,A60.0,rotate_ccw,60.0,True,True,True,True,True,A60.0,strict,True,correct,586.323,
qwen3:30b-a3b-instruct-2507-q4_K_M,0,state-low-health,state_conditioned,clause_level_voseo,en,English,"If your health is below 15, raise the shield; otherwise move forward.",S1,S1,S1,shield_set,1.0,True,True,True,True,True,S1,strict,True,correct,862.913,
qwen3:30b-a3b-instruct-2507-q4_K_M,0,state-low-health,state_conditioned,clause_level_voseo,es_standard,standardised Spanish,"Si tienes menos de 15 puntos de salud, levanta el escudo; si no, avanza.",S1,S1,S1,shield_set,1.0,True,True,True,True,True,S1,strict,True,correct,603.723,
qwen3:30b-a3b-instruct-2507-q4_K_M,0,state-low-health,state_conditioned,clause_level_voseo,es_rioplatense,Rioplatense Spanish,"Si tenés menos de 15 puntos de salud, levantá el escudo; si no, avanzá.",S1,S1,S1,shield_set,1.0,True,True,True,True,True,S1,strict,True,correct,642.535,
qwen3:30b-a3b-instruct-2507-q4_K_M,0,direct-move-default,direct,minimal_morphology,es_standard,standardised Spanish,Avanza.,M,M,M,move,,True,True,,True,True,M,strict,True,correct,775.462,
qwen3:30b-a3b-instruct-2507-q4_K_M,0,direct-move-default,direct,minimal_morphology,en,English,Move forward.,M,M,M,move,,True,True,,True,True,M,strict,True,correct,356.597,
qwen3:30b-a3b-instruct-2507-q4_K_M,0,direct-move-default,direct,minimal_morphology,es_rioplatense,Rioplatense Spanish,Avanzá.,M,M,M,move,,True,True,,True,True,M,strict,True,correct,362.796,
qwen3:30b-a3b-instruct-2507-q4_K_M,0,natural-low-health,state_conditioned,naturalistic,es_standard,standardised Spanish,Solo te quedan 5 puntos de salud. Levanta el escudo para protegerte.,S1,S1,S1,shield_set,1.0,True,True,True,True,True,S1,strict,True,correct,797.942,
qwen3:30b-a3b-instruct-2507-q4_K_M,0,natural-low-health,state_conditioned,naturalistic,en,English,You only have 5 health left. Raise the shield to protect yourself.,S1,S1,S1,shield_set,1.0,True,True,True,True,True,S1,strict,True,correct,496.207,
qwen3:30b-a3b-instruct-2507-q4_K_M,0,natural-low-health,state_conditioned,naturalistic,es_rioplatense,Rioplatense Spanish,Te quedan solo 5 puntos de salud. Levantá el escudo para protegerte.,S1,S1,S1,shield_set,1.0,True,True,True,True,True,S1,strict,True,correct,551.213,
qwen3:30b-a3b-instruct-2507-q4_K_M,0,direct-cw-030,parameterised,minimal_morphology,en,English,Turn clockwise 30 degrees.,C30.0,C30,C30.0,rotate_cw,30.0,True,True,True,True,True,C30.0,strict,True,correct,784.572,
qwen3:30b-a3b-instruct-2507-q4_K_M,0,direct-cw-030,parameterised,minimal_morphology,es_rioplatense,Rioplatense Spanish,Girá 30 grados en sentido horario.,C30.0,C30,C30.0,rotate_cw,30.0,True,True,True,True,True,C30.0,strict,True,correct,500.576,
qwen3:30b-a3b-instruct-2507-q4_K_M,0,direct-cw-030,parameterised,minimal_morphology,es_standard,standardised Spanish,Gira 30 grados en sentido horario.,C30.0,C30,C30.0,rotate_cw,30.0,True,True,True,True,True,C30.0,strict,True,correct,512.909,
qwen3:30b-a3b-instruct-2507-q4_K_M,0,state-opponent-low-health,state_conditioned,clause_level_voseo,es_rioplatense,Rioplatense Spanish,"Si el rival tiene menos de 10 puntos de salud, dispará; si no, levantá el escudo.",B,B,B,shoot,,True,True,,True,True,B,strict,True,correct,712.143,
qwen3:30b-a3b-instruct-2507-q4_K_M,0,state-opponent-low-health,state_conditioned,clause_level_voseo,es_standard,standardised Spanish,"Si el rival tiene menos de 10 puntos de salud, dispara; si no, levanta el escudo.",B,B,B,shoot,,True,True,,True,True,B,strict,True,correct,436.937,
qwen3:30b-a3b-instruct-2507-q4_K_M,0,state-opponent-low-health,state_conditioned,clause_level_voseo,en,English,"If the opponent has less than 10 health, fire; otherwise raise the shield.",B,B,B,shoot,,True,True,,True,True,B,strict,True,correct,496.705,
qwen3:30b-a3b-instruct-2507-q4_K_M,0,direct-move-010,parameterised,minimal_morphology,es_standard,standardised Spanish,Avanza 0.1 hacia adelante.,M0.1,M0.1,M0.1,move,0.1,True,True,True,True,True,M0.1,strict,True,correct,759.952,
qwen3:30b-a3b-instruct-2507-q4_K_M,0,direct-move-010,parameterised,minimal_morphology,en,English,Move forward 0.1.,M0.1,M0.1,M0.1,move,0.1,True,True,True,True,True,M0.1,strict,True,correct,501.465,
qwen3:30b-a3b-instruct-2507-q4_K_M,0,direct-move-010,parameterised,minimal_morphology,es_rioplatense,Rioplatense Spanish,Avanzá 0.1 hacia adelante.,M0.1,M0.1,M0.1,move,0.1,True,True,True,True,True,M0.1,strict,True,correct,513.126,
qwen3:30b-a3b-instruct-2507-q4_K_M,0,direct-ccw-180,parameterised,minimal_morphology,en,English,Turn counterclockwise 180 degrees.,A180.0,A180,A180.0,rotate_ccw,180.0,True,True,True,True,True,A180.0,strict,True,correct,533.571,
qwen3:30b-a3b-instruct-2507-q4_K_M,0,direct-ccw-180,parameterised,minimal_morphology,es_rioplatense,Rioplatense Spanish,Girá 180 grados en sentido antihorario.,A180.0,A180,A180.0,rotate_ccw,180.0,True,True,True,True,True,A180.0,strict,True,correct,552.161,
qwen3:30b-a3b-instruct-2507-q4_K_M,0,direct-ccw-180,parameterised,minimal_morphology,es_standard,standardised Spanish,Gira 180 grados en sentido antihorario.,A180.0,A180,A180.0,rotate_ccw,180.0,True,True,True,True,True,A180.0,strict,True,correct,641.014,
qwen3:30b-a3b-instruct-2507-q4_K_M,0,natural-shield-up,state_conditioned,naturalistic,es_rioplatense,Rioplatense Spanish,Tenés el escudo levantado. Bajalo ahora para poder disparar en un turno posterior.,S0,S0,S0,shield_set,0.0,True,True,True,True,True,S0,strict,True,correct,810.968,
qwen3:30b-a3b-instruct-2507-q4_K_M,0,natural-shield-up,state_conditioned,naturalistic,en,English,Your shield is up. Lower it now so you can fire on a later turn.,S0,S0,S0,shield_set,0.0,True,True,True,True,True,S0,strict,True,correct,531.632,
qwen3:30b-a3b-instruct-2507-q4_K_M,0,natural-shield-up,state_conditioned,naturalistic,es_standard,standardised Spanish,Tienes el escudo levantado. Bájalo ahora para poder disparar en un turno posterior.,S0,S0,S0,shield_set,0.0,True,True,True,True,True,S0,strict,True,correct,599.659,
qwen3:30b-a3b-instruct-2507-q4_K_M,0,direct-shield-down,direct,minimal_morphology,es_standard,standardised Spanish,Baja el escudo.,S0,S0,S0,shield_set,0.0,True,True,True,True,True,S0,strict,True,correct,410.728,
qwen3:30b-a3b-instruct-2507-q4_K_M,0,direct-shield-down,direct,minimal_morphology,es_rioplatense,Rioplatense Spanish,Bajá el escudo.,S0,S0,S0,shield_set,0.0,True,True,True,True,True,S0,strict,True,correct,453.976,
qwen3:30b-a3b-instruct-2507-q4_K_M,0,direct-shield-down,direct,minimal_morphology,en,English,Lower the shield.,S0,S0,S0,shield_set,0.0,True,True,True,True,True,S0,strict,True,correct,374.323,
qwen3:30b-a3b-instruct-2507-q4_K_M,0,direct-shield-up,direct,minimal_morphology,es_standard,standardised Spanish,Levanta el escudo.,S1,S1,S1,shield_set,1.0,True,True,True,True,True,S1,strict,True,correct,716.874,
qwen3:30b-a3b-instruct-2507-q4_K_M,0,direct-shield-up,direct,minimal_morphology,en,English,Raise the shield.,S1,S1,S1,shield_set,1.0,True,True,True,True,True,S1,strict,True,correct,362.191,
qwen3:30b-a3b-instruct-2507-q4_K_M,0,direct-shield-up,direct,minimal_morphology,es_rioplatense,Rioplatense Spanish,Levantá el escudo.,S1,S1,S1,shield_set,1.0,True,True,True,True,True,S1,strict,True,correct,393.955,
qwen3:30b-a3b-instruct-2507-q4_K_M,0,state-x-left,state_conditioned,clause_level_voseo,en,English,"If your x coordinate is above 0.7, turn counterclockwise 90 degrees; otherwise move forward 0.1.",M0.1,A90,A90.0,rotate_ccw,90.0,True,False,False,False,False,A90.0,strict,False,action_error,783.479,
qwen3:30b-a3b-instruct-2507-q4_K_M,0,state-x-left,state_conditioned,clause_level_voseo,es_standard,standardised Spanish,"Si tu coordenada x es mayor que 0.7, gira 90 grados en sentido antihorario; si no, avanza 0.1.",M0.1,A90,A90.0,rotate_ccw,90.0,True,False,False,False,False,A90.0,strict,False,action_error,665.037,
qwen3:30b-a3b-instruct-2507-q4_K_M,0,state-x-left,state_conditioned,clause_level_voseo,es_rioplatense,Rioplatense Spanish,"Si tu coordenada x es mayor que 0.7, girá 90 grados en sentido antihorario; si no, avanzá 0.1.",M0.1,A90,A90.0,rotate_ccw,90.0,True,False,False,False,False,A90.0,strict,False,action_error,612.894,
qwen3:30b-a3b-instruct-2507-q4_K_M,0,state-opponent-high-health,state_conditioned,clause_level_voseo,es_rioplatense,Rioplatense Spanish,"Si el rival tiene menos de 10 puntos de salud, dispará; si no, levantá el escudo.",S1,B,B,shoot,,True,False,False,False,False,B,strict,False,action_error,763.777,
qwen3:30b-a3b-instruct-2507-q4_K_M,0,state-opponent-high-health,state_conditioned,clause_level_voseo,en,English,"If the opponent has less than 10 health, fire; otherwise raise the shield.",S1,B,B,shoot,,True,False,False,False,False,B,strict,False,action_error,528.531,
qwen3:30b-a3b-instruct-2507-q4_K_M,0,state-opponent-high-health,state_conditioned,clause_level_voseo,es_standard,standardised Spanish,"Si el rival tiene menos de 10 puntos de salud, dispara; si no, levanta el escudo.",S1,B,B,shoot,,True,False,False,False,False,B,strict,False,action_error,577.506,
qwen3:30b-a3b-instruct-2507-q4_K_M,0,state-opponent-shield-down,state_conditioned,clause_level_voseo,en,English,"If the opponent has its shield raised, move forward; otherwise fire.",B,M,M,move,,True,False,,False,False,M,strict,False,action_error,754.644,
qwen3:30b-a3b-instruct-2507-q4_K_M,0,state-opponent-shield-down,state_conditioned,clause_level_voseo,es_standard,standardised Spanish,"Si el rival tiene el escudo levantado, avanza; si no, dispara.",B,S1,S1,shield_set,1.0,True,False,,False,False,S1,strict,False,action_error,584.4,
qwen3:30b-a3b-instruct-2507-q4_K_M,0,state-opponent-shield-down,state_conditioned,clause_level_voseo,es_rioplatense,Rioplatense Spanish,"Si el rival tiene el escudo levantado, avanzá; si no, dispará.",B,S1,S1,shield_set,1.0,True,False,,False,False,S1,strict,False,action_error,443.816,
qwen3:4b-instruct-2507-q4_K_M,0,natural-opponent-low-health,state_conditioned,naturalistic,en,English,The opponent has only 5 health left and your shield is down. Fire.,B,B,B,shoot,,True,True,,True,True,B,strict,True,correct,6953.362,
qwen3:4b-instruct-2507-q4_K_M,0,natural-opponent-low-health,state_conditioned,naturalistic,es_standard,standardised Spanish,Al rival solo le quedan 5 puntos de salud y tienes el escudo bajo. Dispara.,B,B,B,shoot,,True,True,,True,True,B,strict,True,correct,306.148,
qwen3:4b-instruct-2507-q4_K_M,0,natural-opponent-low-health,state_conditioned,naturalistic,es_rioplatense,Rioplatense Spanish,Al rival le quedan solo 5 puntos de salud y tenés el escudo bajo. Dispará.,B,B,B,shoot,,True,True,,True,True,B,strict,True,correct,387.808,
qwen3:4b-instruct-2507-q4_K_M,0,state-opponent-shield-down,state_conditioned,clause_level_voseo,es_rioplatense,Rioplatense Spanish,"Si el rival tiene el escudo levantado, avanzá; si no, dispará.",B,S1,S1,shield_set,1.0,True,False,,False,False,S1,strict,False,action_error,447.544,
qwen3:4b-instruct-2507-q4_K_M,0,state-opponent-shield-down,state_conditioned,clause_level_voseo,en,English,"If the opponent has its shield raised, move forward; otherwise fire.",B,B,B,shoot,,True,True,,True,True,B,strict,True,correct,359.984,
qwen3:4b-instruct-2507-q4_K_M,0,state-opponent-shield-down,state_conditioned,clause_level_voseo,es_standard,standardised Spanish,"Si el rival tiene el escudo levantado, avanza; si no, dispara.",B,S1 = set shield on,ERR,invalid,,False,False,,False,False,,,False,invalid_unrecoverable,371.832,
qwen3:4b-instruct-2507-q4_K_M,0,state-opponent-high-health,state_conditioned,clause_level_voseo,es_rioplatense,Rioplatense Spanish,"Si el rival tiene menos de 10 puntos de salud, dispará; si no, levantá el escudo.",S1,S1,S1,shield_set,1.0,True,True,True,True,True,S1,strict,True,correct,467.613,
qwen3:4b-instruct-2507-q4_K_M,0,state-opponent-high-health,state_conditioned,clause_level_voseo,es_standard,standardised Spanish,"Si el rival tiene menos de 10 puntos de salud, dispara; si no, levanta el escudo.",S1,S1,S1,shield_set,1.0,True,True,True,True,True,S1,strict,True,correct,333.426,
qwen3:4b-instruct-2507-q4_K_M,0,state-opponent-high-health,state_conditioned,clause_level_voseo,en,English,"If the opponent has less than 10 health, fire; otherwise raise the shield.",S1,B,B,shoot,,True,False,False,False,False,B,strict,False,action_error,447.402,
qwen3:4b-instruct-2507-q4_K_M,0,natural-hold-shield,state_conditioned,naturalistic,es_rioplatense,Rioplatense Spanish,Tenés el escudo bajo y 8 puntos de salud. Levantá el escudo.,S1,S1,S1,shield_set,1.0,True,True,True,True,True,S1,strict,True,correct,501.398,
qwen3:4b-instruct-2507-q4_K_M,0,natural-hold-shield,state_conditioned,naturalistic,es_standard,standardised Spanish,Tienes el escudo bajo y 8 puntos de salud. Levanta el escudo.,S1,S1,S1,shield_set,1.0,True,True,True,True,True,S1,strict,True,correct,327.013,
qwen3:4b-instruct-2507-q4_K_M,0,natural-hold-shield,state_conditioned,naturalistic,en,English,Your shield is down and your health is 8. Raise the shield.,S1,S1,S1,shield_set,1.0,True,True,True,True,True,S1,strict,True,correct,299.906,
qwen3:4b-instruct-2507-q4_K_M,0,state-own-shield-down,state_conditioned,clause_level_voseo,es_standard,standardised Spanish,"Si tienes el escudo levantado, bájalo; si no, dispara.",B,S1,S1,shield_set,1.0,True,False,,False,False,S1,strict,False,action_error,521.841,
qwen3:4b-instruct-2507-q4_K_M,0,state-own-shield-down,state_conditioned,clause_level_voseo,en,English,"If your shield is raised, lower it; otherwise fire.",B,S1,S1,shield_set,1.0,True,False,,False,False,S1,strict,False,action_error,348.835,
qwen3:4b-instruct-2507-q4_K_M,0,state-own-shield-down,state_conditioned,clause_level_voseo,es_rioplatense,Rioplatense Spanish,"Si tenés el escudo levantado, bajalo; si no, dispará.",B,S0,S0,shield_set,0.0,True,False,,False,False,S0,strict,False,action_error,338.122,
qwen3:4b-instruct-2507-q4_K_M,0,natural-ccw-060,parameterised,naturalistic,es_rioplatense,Rioplatense Spanish,Hacé un giro de exactamente 60 grados en sentido antihorario.,A60.0,A60,A60.0,rotate_ccw,60.0,True,True,True,True,True,A60.0,strict,True,correct,351.561,
qwen3:4b-instruct-2507-q4_K_M,0,natural-ccw-060,parameterised,naturalistic,en,English,Make a counterclockwise turn of exactly 60 degrees.,A60.0,A60,A60.0,rotate_ccw,60.0,True,True,True,True,True,A60.0,strict,True,correct,362.027,
qwen3:4b-instruct-2507-q4_K_M,0,natural-ccw-060,parameterised,naturalistic,es_standard,standardised Spanish,Haz un giro de exactamente 60 grados en sentido antihorario.,A60.0,A60,A60.0,rotate_ccw,60.0,True,True,True,True,True,A60.0,strict,True,correct,357.524,
qwen3:4b-instruct-2507-q4_K_M,0,direct-cw-030,parameterised,minimal_morphology,en,English,Turn clockwise 30 degrees.,C30.0,A30,A30.0,rotate_ccw,30.0,True,False,True,False,False,A30.0,strict,False,action_error,348.08,
qwen3:4b-instruct-2507-q4_K_M,0,direct-cw-030,parameterised,minimal_morphology,es_standard,standardised Spanish,Gira 30 grados en sentido horario.,C30.0,C30,C30.0,rotate_cw,30.0,True,True,True,True,True,C30.0,strict,True,correct,360.027,
qwen3:4b-instruct-2507-q4_K_M,0,direct-cw-030,parameterised,minimal_morphology,es_rioplatense,Rioplatense Spanish,Girá 30 grados en sentido horario.,C30.0,C30,C30.0,rotate_cw,30.0,True,True,True,True,True,C30.0,strict,True,correct,399.726,
qwen3:4b-instruct-2507-q4_K_M,0,natural-open-shield,state_conditioned,naturalistic,es_rioplatense,Rioplatense Spanish,"El rival está casi derrotado, pero tenés el escudo levantado. Bajá el escudo en este turno.",S0,S0,S0,shield_set,0.0,True,True,True,True,True,S0,strict,True,correct,446.488,
qwen3:4b-instruct-2507-q4_K_M,0,natural-open-shield,state_conditioned,naturalistic,en,English,"The opponent is nearly defeated, but your shield is up. Lower your shield this turn.",S0,S0,S0,shield_set,0.0,True,True,True,True,True,S0,strict,True,correct,350.249,
qwen3:4b-instruct-2507-q4_K_M,0,natural-open-shield,state_conditioned,naturalistic,es_standard,standardised Spanish,"El rival está casi derrotado, pero tienes el escudo levantado. Baja el escudo en este turno.",S0,S1,S1,shield_set,1.0,True,True,False,False,False,S1,strict,False,action_error,332.344,
qwen3:4b-instruct-2507-q4_K_M,0,direct-ccw-180,parameterised,minimal_morphology,es_standard,standardised Spanish,Gira 180 grados en sentido antihorario.,A180.0,A180,A180.0,rotate_ccw,180.0,True,True,True,True,True,A180.0,strict,True,correct,508.682,
qwen3:4b-instruct-2507-q4_K_M,0,direct-ccw-180,parameterised,minimal_morphology,en,English,Turn counterclockwise 180 degrees.,A180.0,A180,A180.0,rotate_ccw,180.0,True,True,True,True,True,A180.0,strict,True,correct,404.959,
qwen3:4b-instruct-2507-q4_K_M,0,direct-ccw-180,parameterised,minimal_morphology,es_rioplatense,Rioplatense Spanish,Girá 180 grados en sentido antihorario.,A180.0,A180,A180.0,rotate_ccw,180.0,True,True,True,True,True,A180.0,strict,True,correct,365.313,
qwen3:4b-instruct-2507-q4_K_M,0,natural-move-015,parameterised,naturalistic,en,English,Advance exactly 0.15.,M0.15,M15,M15.0,move,15.0,True,True,False,False,False,M15.0,strict,False,action_error,406.967,
qwen3:4b-instruct-2507-q4_K_M,0,natural-move-015,parameterised,naturalistic,es_rioplatense,Rioplatense Spanish,Avanzá exactamente 0.15.,M0.15,M15,M15.0,move,15.0,True,True,False,False,False,M15.0,strict,False,action_error,361.799,
qwen3:4b-instruct-2507-q4_K_M,0,natural-move-015,parameterised,naturalistic,es_standard,standardised Spanish,Avanza exactamente 0.15.,M0.15,M15,M15.0,move,15.0,True,True,False,False,False,M15.0,strict,False,action_error,340.944,
qwen3:4b-instruct-2507-q4_K_M,0,state-opponent-shield-up,state_conditioned,clause_level_voseo,es_rioplatense,Rioplatense Spanish,"Si el rival tiene el escudo levantado, avanzá; si no, dispará.",M,S1,S1,shield_set,1.0,True,False,,False,False,S1,strict,False,action_error,392.842,
qwen3:4b-instruct-2507-q4_K_M,0,state-opponent-shield-up,state_conditioned,clause_level_voseo,es_standard,standardised Spanish,"Si el rival tiene el escudo levantado, avanza; si no, dispara.",M,S1,S1,shield_set,1.0,True,False,,False,False,S1,strict,False,action_error,313.9,
qwen3:4b-instruct-2507-q4_K_M,0,state-opponent-shield-up,state_conditioned,clause_level_voseo,en,English,"If the opponent has its shield raised, move forward; otherwise fire.",M,M,M,move,,True,True,,True,True,M,strict,True,correct,291.93,
qwen3:4b-instruct-2507-q4_K_M,0,state-own-shield-up,state_conditioned,clause_level_voseo,en,English,"If your shield is raised, lower it; otherwise fire.",S0,S0,S0,shield_set,0.0,True,True,True,True,True,S0,strict,True,correct,429.899,
qwen3:4b-instruct-2507-q4_K_M,0,state-own-shield-up,state_conditioned,clause_level_voseo,es_rioplatense,Rioplatense Spanish,"Si tenés el escudo levantado, bajalo; si no, dispará.",S0,S0,S0,shield_set,0.0,True,True,True,True,True,S0,strict,True,correct,319.511,
qwen3:4b-instruct-2507-q4_K_M,0,state-own-shield-up,state_conditioned,clause_level_voseo,es_standard,standardised Spanish,"Si tienes el escudo levantado, bájalo; si no, dispara.",S0,S0,S0,shield_set,0.0,True,True,True,True,True,S0,strict,True,correct,325.806,
qwen3:4b-instruct-2507-q4_K_M,0,natural-low-health,state_conditioned,naturalistic,es_rioplatense,Rioplatense Spanish,Te quedan solo 5 puntos de salud. Levantá el escudo para protegerte.,S1,S1,S1,shield_set,1.0,True,True,True,True,True,S1,strict,True,correct,547.067,
qwen3:4b-instruct-2507-q4_K_M,0,natural-low-health,state_conditioned,naturalistic,en,English,You only have 5 health left. Raise the shield to protect yourself.,S1,S1,S1,shield_set,1.0,True,True,True,True,True,S1,strict,True,correct,321.535,
qwen3:4b-instruct-2507-q4_K_M,0,natural-low-health,state_conditioned,naturalistic,es_standard,standardised Spanish,Solo te quedan 5 puntos de salud. Levanta el escudo para protegerte.,S1,S1,S1,shield_set,1.0,True,True,True,True,True,S1,strict,True,correct,367.447,
qwen3:4b-instruct-2507-q4_K_M,0,direct-shield-down,direct,minimal_morphology,es_standard,standardised Spanish,Baja el escudo.,S0,S1,S1,shield_set,1.0,True,True,False,False,False,S1,strict,False,action_error,496.347,
qwen3:4b-instruct-2507-q4_K_M,0,direct-shield-down,direct,minimal_morphology,en,English,Lower the shield.,S0,S1,S1,shield_set,1.0,True,True,False,False,False,S1,strict,False,action_error,386.042,
qwen3:4b-instruct-2507-q4_K_M,0,direct-shield-down,direct,minimal_morphology,es_rioplatense,Rioplatense Spanish,Bajá el escudo.,S0,S1,S1,shield_set,1.0,True,True,False,False,False,S1,strict,False,action_error,320.042,
qwen3:4b-instruct-2507-q4_K_M,0,direct-move-default,direct,minimal_morphology,es_rioplatense,Rioplatense Spanish,Avanzá.,M,A90,A90.0,rotate_ccw,90.0,True,False,,False,False,A90.0,strict,False,action_error,482.582,
qwen3:4b-instruct-2507-q4_K_M,0,direct-move-default,direct,minimal_morphology,es_standard,standardised Spanish,Avanza.,M,A90,A90.0,rotate_ccw,90.0,True,False,,False,False,A90.0,strict,False,action_error,378.656,
qwen3:4b-instruct-2507-q4_K_M,0,direct-move-default,direct,minimal_morphology,en,English,Move forward.,M,M,M,move,,True,True,,True,True,M,strict,True,correct,262.625,
qwen3:4b-instruct-2507-q4_K_M,0,direct-move-020,parameterised,minimal_morphology,es_rioplatense,Rioplatense Spanish,Avanzá 0.2 hacia adelante.,M0.2,M0.2,M0.2,move,0.2,True,True,True,True,True,M0.2,strict,True,correct,382.967,
qwen3:4b-instruct-2507-q4_K_M,0,direct-move-020,parameterised,minimal_morphology,es_standard,standardised Spanish,Avanza 0.2 hacia adelante.,M0.2,M0.2,M0.2,move,0.2,True,True,True,True,True,M0.2,strict,True,correct,373.988,
qwen3:4b-instruct-2507-q4_K_M,0,direct-move-020,parameterised,minimal_morphology,en,English,Move forward 0.2.,M0.2,M0.2,M0.2,move,0.2,True,True,True,True,True,M0.2,strict,True,correct,336.666,
qwen3:4b-instruct-2507-q4_K_M,0,direct-ccw-045,parameterised,minimal_morphology,en,English,Turn counterclockwise 45 degrees.,A45.0,A45,A45.0,rotate_ccw,45.0,True,True,True,True,True,A45.0,strict,True,correct,344.297,
qwen3:4b-instruct-2507-q4_K_M,0,direct-ccw-045,parameterised,minimal_morphology,es_standard,standardised Spanish,Gira 45 grados en sentido antihorario.,A45.0,A45,A45.0,rotate_ccw,45.0,True,True,True,True,True,A45.0,strict,True,correct,349.928,
qwen3:4b-instruct-2507-q4_K_M,0,direct-ccw-045,parameterised,minimal_morphology,es_rioplatense,Rioplatense Spanish,Girá 45 grados en sentido antihorario.,A45.0,A45,A45.0,rotate_ccw,45.0,True,True,True,True,True,A45.0,strict,True,correct,366.683,
qwen3:4b-instruct-2507-q4_K_M,0,natural-shield-down,state_conditioned,naturalistic,en,English,Your shield is already down. Fire now.,B,B,B,shoot,,True,True,,True,True,B,strict,True,correct,291.855,
qwen3:4b-instruct-2507-q4_K_M,0,natural-shield-down,state_conditioned,naturalistic,es_standard,standardised Spanish,Ya tienes el escudo bajo. Dispara ahora.,B,B,B,shoot,,True,True,,True,True,B,strict,True,correct,316.87,
qwen3:4b-instruct-2507-q4_K_M,0,natural-shield-down,state_conditioned,naturalistic,es_rioplatense,Rioplatense Spanish,Ya tenés el escudo bajo. Dispará ahora.,B,B,B,shoot,,True,True,,True,True,B,strict,True,correct,301.299,
qwen3:4b-instruct-2507-q4_K_M,0,natural-shield-up,state_conditioned,naturalistic,es_standard,standardised Spanish,Tienes el escudo levantado. Bájalo ahora para poder disparar en un turno posterior.,S0,S0,S0,shield_set,0.0,True,True,True,True,True,S0,strict,True,correct,448.931,
qwen3:4b-instruct-2507-q4_K_M,0,natural-shield-up,state_conditioned,naturalistic,en,English,Your shield is up. Lower it now so you can fire on a later turn.,S0,S0,S0,shield_set,0.0,True,True,True,True,True,S0,strict,True,correct,309.089,
qwen3:4b-instruct-2507-q4_K_M,0,natural-shield-up,state_conditioned,naturalistic,es_rioplatense,Rioplatense Spanish,Tenés el escudo levantado. Bajalo ahora para poder disparar en un turno posterior.,S0,S0,S0,shield_set,0.0,True,True,True,True,True,S0,strict,True,correct,341.308,
qwen3:4b-instruct-2507-q4_K_M,0,direct-shield-up,direct,minimal_morphology,en,English,Raise the shield.,S1,S1,S1,shield_set,1.0,True,True,True,True,True,S1,strict,True,correct,452.479,
qwen3:4b-instruct-2507-q4_K_M,0,direct-shield-up,direct,minimal_morphology,es_standard,standardised Spanish,Levanta el escudo.,S1,S1,S1,shield_set,1.0,True,True,True,True,True,S1,strict,True,correct,335.827,
qwen3:4b-instruct-2507-q4_K_M,0,direct-shield-up,direct,minimal_morphology,es_rioplatense,Rioplatense Spanish,Levantá el escudo.,S1,S1,S1,shield_set,1.0,True,True,True,True,True,S1,strict,True,correct,323.925,
qwen3:4b-instruct-2507-q4_K_M,0,state-low-health,state_conditioned,clause_level_voseo,es_standard,standardised Spanish,"Si tienes menos de 15 puntos de salud, levanta el escudo; si no, avanza.",S1,S1,S1,shield_set,1.0,True,True,True,True,True,S1,strict,True,correct,525.237,
qwen3:4b-instruct-2507-q4_K_M,0,state-low-health,state_conditioned,clause_level_voseo,en,English,"If your health is below 15, raise the shield; otherwise move forward.",S1,S1,S1,shield_set,1.0,True,True,True,True,True,S1,strict,True,correct,309.55,
qwen3:4b-instruct-2507-q4_K_M,0,state-low-health,state_conditioned,clause_level_voseo,es_rioplatense,Rioplatense Spanish,"Si tenés menos de 15 puntos de salud, levantá el escudo; si no, avanzá.",S1,S1,S1,shield_set,1.0,True,True,True,True,True,S1,strict,True,correct,329.84,
qwen3:4b-instruct-2507-q4_K_M,0,natural-move-005,parameterised,naturalistic,es_rioplatense,Rioplatense Spanish,Avanzá un paso corto de 0.05 hacia adelante.,M0.05,M5,M5.0,move,5.0,True,True,False,False,False,M5.0,strict,False,action_error,492.592,
qwen3:4b-instruct-2507-q4_K_M,0,natural-move-005,parameterised,naturalistic,en,English,Take a short step forward of 0.05.,M0.05,M5,M5.0,move,5.0,True,True,False,False,False,M5.0,strict,False,action_error,321.89,
qwen3:4b-instruct-2507-q4_K_M,0,natural-move-005,parameterised,naturalistic,es_standard,standardised Spanish,Avanza un paso corto de 0.05 hacia adelante.,M0.05,M5,M5.0,move,5.0,True,True,False,False,False,M5.0,strict,False,action_error,355.082,
qwen3:4b-instruct-2507-q4_K_M,0,direct-fire,direct,minimal_morphology,en,English,Fire.,B,B,B,shoot,,True,True,,True,True,B,strict,True,correct,260.92,
qwen3:4b-instruct-2507-q4_K_M,0,direct-fire,direct,minimal_morphology,es_rioplatense,Rioplatense Spanish,Dispará.,B,B,B,shoot,,True,True,,True,True,B,strict,True,correct,301.521,
qwen3:4b-instruct-2507-q4_K_M,0,direct-fire,direct,minimal_morphology,es_standard,standardised Spanish,Dispara.,B,B,B,shoot,,True,True,,True,True,B,strict,True,correct,266.131,
qwen3:4b-instruct-2507-q4_K_M,0,state-high-health,state_conditioned,clause_level_voseo,en,English,"If your health is below 15, raise the shield; otherwise move forward.",M,S1,S1,shield_set,1.0,True,False,,False,False,S1,strict,False,action_error,529.688,
qwen3:4b-instruct-2507-q4_K_M,0,state-high-health,state_conditioned,clause_level_voseo,es_standard,standardised Spanish,"Si tienes menos de 15 puntos de salud, levanta el escudo; si no, avanza.",M,S1,S1,shield_set,1.0,True,False,,False,False,S1,strict,False,action_error,317.577,
qwen3:4b-instruct-2507-q4_K_M,0,state-high-health,state_conditioned,clause_level_voseo,es_rioplatense,Rioplatense Spanish,"Si tenés menos de 15 puntos de salud, levantá el escudo; si no, avanzá.",M,S1,S1,shield_set,1.0,True,False,,False,False,S1,strict,False,action_error,375.841,
qwen3:4b-instruct-2507-q4_K_M,0,direct-cw-090,parameterised,minimal_morphology,es_standard,standardised Spanish,Gira 90 grados en sentido horario.,C90.0,C90,C90.0,rotate_cw,90.0,True,True,True,True,True,C90.0,strict,True,correct,533.987,
qwen3:4b-instruct-2507-q4_K_M,0,direct-cw-090,parameterised,minimal_morphology,en,English,Turn clockwise 90 degrees.,C90.0,A90,A90.0,rotate_ccw,90.0,True,False,True,False,False,A90.0,strict,False,action_error,369.001,
qwen3:4b-instruct-2507-q4_K_M,0,direct-cw-090,parameterised,minimal_morphology,es_rioplatense,Rioplatense Spanish,Girá 90 grados en sentido horario.,C90.0,C90,C90.0,rotate_cw,90.0,True,True,True,True,True,C90.0,strict,True,correct,375.576,
qwen3:4b-instruct-2507-q4_K_M,0,state-x-left,state_conditioned,clause_level_voseo,es_rioplatense,Rioplatense Spanish,"Si tu coordenada x es mayor que 0.7, girá 90 grados en sentido antihorario; si no, avanzá 0.1.",M0.1,A90,A90.0,rotate_ccw,90.0,True,False,False,False,False,A90.0,strict,False,action_error,544.175,
qwen3:4b-instruct-2507-q4_K_M,0,state-x-left,state_conditioned,clause_level_voseo,en,English,"If your x coordinate is above 0.7, turn counterclockwise 90 degrees; otherwise move forward 0.1.",M0.1,A90,A90.0,rotate_ccw,90.0,True,False,False,False,False,A90.0,strict,False,action_error,412.952,
qwen3:4b-instruct-2507-q4_K_M,0,state-x-left,state_conditioned,clause_level_voseo,es_standard,standardised Spanish,"Si tu coordenada x es mayor que 0.7, gira 90 grados en sentido antihorario; si no, avanza 0.1.",M0.1,A90,A90.0,rotate_ccw,90.0,True,False,False,False,False,A90.0,strict,False,action_error,396.874,
qwen3:4b-instruct-2507-q4_K_M,0,state-x-right,state_conditioned,clause_level_voseo,en,English,"If your x coordinate is above 0.7, turn counterclockwise 90 degrees; otherwise move forward 0.1.",A90.0,A90,A90.0,rotate_ccw,90.0,True,True,True,True,True,A90.0,strict,True,correct,488.748,
qwen3:4b-instruct-2507-q4_K_M,0,state-x-right,state_conditioned,clause_level_voseo,es_rioplatense,Rioplatense Spanish,"Si tu coordenada x es mayor que 0.7, girá 90 grados en sentido antihorario; si no, avanzá 0.1.",A90.0,A90,A90.0,rotate_ccw,90.0,True,True,True,True,True,A90.0,strict,True,correct,399.893,
qwen3:4b-instruct-2507-q4_K_M,0,state-x-right,state_conditioned,clause_level_voseo,es_standard,standardised Spanish,"Si tu coordenada x es mayor que 0.7, gira 90 grados en sentido antihorario; si no, avanza 0.1.",A90.0,A90,A90.0,rotate_ccw,90.0,True,True,True,True,True,A90.0,strict,True,correct,356.102,
qwen3:4b-instruct-2507-q4_K_M,0,direct-move-010,parameterised,minimal_morphology,es_rioplatense,Rioplatense Spanish,Avanzá 0.1 hacia adelante.,M0.1,M0.1,M0.1,move,0.1,True,True,True,True,True,M0.1,strict,True,correct,482.482,
qwen3:4b-instruct-2507-q4_K_M,0,direct-move-010,parameterised,minimal_morphology,en,English,Move forward 0.1.,M0.1,M1,M1.0,move,1.0,True,True,False,False,False,M1.0,strict,False,action_error,315.976,
qwen3:4b-instruct-2507-q4_K_M,0,direct-move-010,parameterised,minimal_morphology,es_standard,standardised Spanish,Avanza 0.1 hacia adelante.,M0.1,M0.1,M0.1,move,0.1,True,True,True,True,True,M0.1,strict,True,correct,391.96,
qwen3:4b-instruct-2507-q4_K_M,0,natural-cw-120,parameterised,naturalistic,es_standard,standardised Spanish,Haz un giro de exactamente 120 grados en sentido horario.,C120.0,C120,C120.0,rotate_cw,120.0,True,True,True,True,True,C120.0,strict,True,correct,369.782,
qwen3:4b-instruct-2507-q4_K_M,0,natural-cw-120,parameterised,naturalistic,es_rioplatense,Rioplatense Spanish,Hacé un giro de exactamente 120 grados en sentido horario.,C120.0,C120,C120.0,rotate_cw,120.0,True,True,True,True,True,C120.0,strict,True,correct,397.872,
qwen3:4b-instruct-2507-q4_K_M,0,natural-cw-120,parameterised,naturalistic,en,English,Make a clockwise turn of exactly 120 degrees.,C120.0,A120,A120.0,rotate_ccw,120.0,True,False,True,False,False,A120.0,strict,False,action_error,381.371,
qwen3:4b-instruct-2507-q4_K_M,0,state-opponent-low-health,state_conditioned,clause_level_voseo,en,English,"If the opponent has less than 10 health, fire; otherwise raise the shield.",B,B,B,shoot,,True,True,,True,True,B,strict,True,correct,410.944,
qwen3:4b-instruct-2507-q4_K_M,0,state-opponent-low-health,state_conditioned,clause_level_voseo,es_standard,standardised Spanish,"Si el rival tiene menos de 10 puntos de salud, dispara; si no, levanta el escudo.",B,B,B,shoot,,True,True,,True,True,B,strict,True,correct,345.705,
qwen3:4b-instruct-2507-q4_K_M,0,state-opponent-low-health,state_conditioned,clause_level_voseo,es_rioplatense,Rioplatense Spanish,"Si el rival tiene menos de 10 puntos de salud, dispará; si no, levantá el escudo.",B,S1,S1,shield_set,1.0,True,False,,False,False,S1,strict,False,action_error,332.313,
llama3.2:latest,0,state-x-left,state_conditioned,clause_level_voseo,es_rioplatense,Rioplatense Spanish,"Si tu coordenada x es mayor que 0.7, girá 90 grados en sentido antihorario; si no, avanzá 0.1.",M0.1,S,S,shield_toggle,,True,False,False,False,False,S,strict,False,action_error,4160.406,
llama3.2:latest,0,state-x-left,state_conditioned,clause_level_voseo,en,English,"If your x coordinate is above 0.7, turn counterclockwise 90 degrees; otherwise move forward 0.1.",M0.1,B,B,shoot,,True,False,False,False,False,B,strict,False,action_error,284.628,
llama3.2:latest,0,state-x-left,state_conditioned,clause_level_voseo,es_standard,standardised Spanish,"Si tu coordenada x es mayor que 0.7, gira 90 grados en sentido antihorario; si no, avanza 0.1.",M0.1,S,S,shield_toggle,,True,False,False,False,False,S,strict,False,action_error,286.788,
llama3.2:latest,0,direct-move-020,parameterised,minimal_morphology,es_standard,standardised Spanish,Avanza 0.2 hacia adelante.,M0.2,B,B,shoot,,True,False,False,False,False,B,strict,False,action_error,319.638,
llama3.2:latest,0,direct-move-020,parameterised,minimal_morphology,en,English,Move forward 0.2.,M0.2,B,B,shoot,,True,False,False,False,False,B,strict,False,action_error,223.609,
llama3.2:latest,0,direct-move-020,parameterised,minimal_morphology,es_rioplatense,Rioplatense Spanish,Avanzá 0.2 hacia adelante.,M0.2,B,B,shoot,,True,False,False,False,False,B,strict,False,action_error,249.433,
llama3.2:latest,0,natural-move-015,parameterised,naturalistic,es_rioplatense,Rioplatense Spanish,Avanzá exactamente 0.15.,M0.15,M0.15,M0.15,move,0.15,True,True,True,True,True,M0.15,strict,True,correct,257.042,
llama3.2:latest,0,natural-move-015,parameterised,naturalistic,es_standard,standardised Spanish,Avanza exactamente 0.15.,M0.15,B,B,shoot,,True,False,False,False,False,B,strict,False,action_error,258.326,
llama3.2:latest,0,natural-move-015,parameterised,naturalistic,en,English,Advance exactly 0.15.,M0.15,B,B,shoot,,True,False,False,False,False,B,strict,False,action_error,243.919,
llama3.2:latest,0,natural-opponent-low-health,state_conditioned,naturalistic,en,English,The opponent has only 5 health left and your shield is down. Fire.,B,B,B,shoot,,True,True,,True,True,B,strict,True,correct,286.669,
llama3.2:latest,0,natural-opponent-low-health,state_conditioned,naturalistic,es_rioplatense,Rioplatense Spanish,Al rival le quedan solo 5 puntos de salud y tenés el escudo bajo. Dispará.,B,B,B,shoot,,True,True,,True,True,B,strict,True,correct,221.28,
llama3.2:latest,0,natural-opponent-low-health,state_conditioned,naturalistic,es_standard,standardised Spanish,Al rival solo le quedan 5 puntos de salud y tienes el escudo bajo. Dispara.,B,B,B,shoot,,True,True,,True,True,B,strict,True,correct,220.929,
llama3.2:latest,0,direct-shield-down,direct,minimal_morphology,es_standard,standardised Spanish,Baja el escudo.,S0,S,S,shield_toggle,,True,False,False,False,True,S,strict,False,action_error,316.28,
llama3.2:latest,0,direct-shield-down,direct,minimal_morphology,en,English,Lower the shield.,S0,S0,S0,shield_set,0.0,True,True,True,True,True,S0,strict,True,correct,283.995,
llama3.2:latest,0,direct-shield-down,direct,minimal_morphology,es_rioplatense,Rioplatense Spanish,Bajá el escudo.,S0,S,S,shield_toggle,,True,False,False,False,True,S,strict,False,action_error,240.249,
llama3.2:latest,0,natural-low-health,state_conditioned,naturalistic,es_standard,standardised Spanish,Solo te quedan 5 puntos de salud. Levanta el escudo para protegerte.,S1,B,B,shoot,,True,False,False,False,False,B,strict,False,action_error,375.218,
llama3.2:latest,0,natural-low-health,state_conditioned,naturalistic,es_rioplatense,Rioplatense Spanish,Te quedan solo 5 puntos de salud. Levantá el escudo para protegerte.,S1,S,S,shield_toggle,,True,False,False,False,True,S,strict,False,action_error,234.07,
llama3.2:latest,0,natural-low-health,state_conditioned,naturalistic,en,English,You only have 5 health left. Raise the shield to protect yourself.,S1,S1,S1,shield_set,1.0,True,True,True,True,True,S1,strict,True,correct,296.931,
llama3.2:latest,0,direct-move-010,parameterised,minimal_morphology,es_standard,standardised Spanish,Avanza 0.1 hacia adelante.,M0.1,B,B,shoot,,True,False,False,False,False,B,strict,False,action_error,356.458,
llama3.2:latest,0,direct-move-010,parameterised,minimal_morphology,es_rioplatense,Rioplatense Spanish,Avanzá 0.1 hacia adelante.,M0.1,B,B,shoot,,True,False,False,False,False,B,strict,False,action_error,267.581,
llama3.2:latest,0,direct-move-010,parameterised,minimal_morphology,en,English,Move forward 0.1.,M0.1,B,B,shoot,,True,False,False,False,False,B,strict,False,action_error,317.371,
llama3.2:latest,0,natural-hold-shield,state_conditioned,naturalistic,es_standard,standardised Spanish,Tienes el escudo bajo y 8 puntos de salud. Levanta el escudo.,S1,B,B,shoot,,True,False,False,False,False,B,strict,False,action_error,364.429,
llama3.2:latest,0,natural-hold-shield,state_conditioned,naturalistic,es_rioplatense,Rioplatense Spanish,Tenés el escudo bajo y 8 puntos de salud. Levantá el escudo.,S1,B,B,shoot,,True,False,False,False,False,B,strict,False,action_error,229.769,
llama3.2:latest,0,natural-hold-shield,state_conditioned,naturalistic,en,English,Your shield is down and your health is 8. Raise the shield.,S1,S,S,shield_toggle,,True,False,False,False,True,S,strict,False,action_error,278.429,
llama3.2:latest,0,direct-move-default,direct,minimal_morphology,es_standard,standardised Spanish,Avanza.,M,B,B,shoot,,True,False,,False,False,B,strict,False,action_error,328.189,
llama3.2:latest,0,direct-move-default,direct,minimal_morphology,en,English,Move forward.,M,B,B,shoot,,True,False,,False,False,B,strict,False,action_error,204.226,
llama3.2:latest,0,direct-move-default,direct,minimal_morphology,es_rioplatense,Rioplatense Spanish,Avanzá.,M,B,B,shoot,,True,False,,False,False,B,strict,False,action_error,232.122,
llama3.2:latest,0,state-opponent-low-health,state_conditioned,clause_level_voseo,en,English,"If the opponent has less than 10 health, fire; otherwise raise the shield.",B,B,B,shoot,,True,True,,True,True,B,strict,True,correct,295.99,
llama3.2:latest,0,state-opponent-low-health,state_conditioned,clause_level_voseo,es_standard,standardised Spanish,"Si el rival tiene menos de 10 puntos de salud, dispara; si no, levanta el escudo.",B,B,B,shoot,,True,True,,True,True,B,strict,True,correct,223.883,
llama3.2:latest,0,state-opponent-low-health,state_conditioned,clause_level_voseo,es_rioplatense,Rioplatense Spanish,"Si el rival tiene menos de 10 puntos de salud, dispará; si no, levantá el escudo.",B,S,S,shield_toggle,,True,False,,False,False,S,strict,False,action_error,232.265,
llama3.2:latest,0,state-high-health,state_conditioned,clause_level_voseo,en,English,"If your health is below 15, raise the shield; otherwise move forward.",M,B,B,shoot,,True,False,,False,False,B,strict,False,action_error,361.878,
llama3.2:latest,0,state-high-health,state_conditioned,clause_level_voseo,es_rioplatense,Rioplatense Spanish,"Si tenés menos de 15 puntos de salud, levantá el escudo; si no, avanzá.",M,B,B,shoot,,True,False,,False,False,B,strict,False,action_error,262.273,
llama3.2:latest,0,state-high-health,state_conditioned,clause_level_voseo,es_standard,standardised Spanish,"Si tienes menos de 15 puntos de salud, levanta el escudo; si no, avanza.",M,B,B,shoot,,True,False,,False,False,B,strict,False,action_error,225.319,
llama3.2:latest,0,state-opponent-high-health,state_conditioned,clause_level_voseo,es_rioplatense,Rioplatense Spanish,"Si el rival tiene menos de 10 puntos de salud, dispará; si no, levantá el escudo.",S1,B,B,shoot,,True,False,False,False,False,B,strict,False,action_error,375.391,
llama3.2:latest,0,state-opponent-high-health,state_conditioned,clause_level_voseo,es_standard,standardised Spanish,"Si el rival tiene menos de 10 puntos de salud, dispara; si no, levanta el escudo.",S1,B,B,shoot,,True,False,False,False,False,B,strict,False,action_error,281.244,
llama3.2:latest,0,state-opponent-high-health,state_conditioned,clause_level_voseo,en,English,"If the opponent has less than 10 health, fire; otherwise raise the shield.",S1,B,B,shoot,,True,False,False,False,False,B,strict,False,action_error,225.673,
llama3.2:latest,0,natural-cw-120,parameterised,naturalistic,en,English,Make a clockwise turn of exactly 120 degrees.,C120.0,C120,C120.0,rotate_cw,120.0,True,True,True,True,True,C120.0,strict,True,correct,277.787,
llama3.2:latest,0,natural-cw-120,parameterised,naturalistic,es_standard,standardised Spanish,Haz un giro de exactamente 120 grados en sentido horario.,C120.0,C120,C120.0,rotate_cw,120.0,True,True,True,True,True,C120.0,strict,True,correct,238.669,
llama3.2:latest,0,natural-cw-120,parameterised,naturalistic,es_rioplatense,Rioplatense Spanish,Hacé un giro de exactamente 120 grados en sentido horario.,C120.0,A,ERR,invalid,,False,False,False,False,False,,,False,invalid_unrecoverable,274.653,
llama3.2:latest,0,direct-shield-up,direct,minimal_morphology,es_rioplatense,Rioplatense Spanish,Levantá el escudo.,S1,S1,S1,shield_set,1.0,True,True,True,True,True,S1,strict,True,correct,248.379,
llama3.2:latest,0,direct-shield-up,direct,minimal_morphology,en,English,Raise the shield.,S1,S1,S1,shield_set,1.0,True,True,True,True,True,S1,strict,True,correct,230.854,
llama3.2:latest,0,direct-shield-up,direct,minimal_morphology,es_standard,standardised Spanish,Levanta el escudo.,S1,S,S,shield_toggle,,True,False,False,False,True,S,strict,False,action_error,258.313,
llama3.2:latest,0,direct-ccw-180,parameterised,minimal_morphology,es_standard,standardised Spanish,Gira 180 grados en sentido antihorario.,A180.0,C180,C180.0,rotate_cw,180.0,True,False,True,False,False,C180.0,strict,False,action_error,269.773,
llama3.2:latest,0,direct-ccw-180,parameterised,minimal_morphology,en,English,Turn counterclockwise 180 degrees.,A180.0,A,ERR,invalid,,False,False,False,False,False,,,False,invalid_unrecoverable,233.474,
llama3.2:latest,0,direct-ccw-180,parameterised,minimal_morphology,es_rioplatense,Rioplatense Spanish,Girá 180 grados en sentido antihorario.,A180.0,S,S,shield_toggle,,True,False,False,False,False,S,strict,False,action_error,234.227,
llama3.2:latest,0,natural-open-shield,state_conditioned,naturalistic,es_rioplatense,Rioplatense Spanish,"El rival está casi derrotado, pero tenés el escudo levantado. Bajá el escudo en este turno.",S0,S0,S0,shield_set,0.0,True,True,True,True,True,S0,strict,True,correct,340.558,
llama3.2:latest,0,natural-open-shield,state_conditioned,naturalistic,en,English,"The opponent is nearly defeated, but your shield is up. Lower your shield this turn.",S0,S,S,shield_toggle,,True,False,False,False,True,S,strict,False,action_error,254.989,
llama3.2:latest,0,natural-open-shield,state_conditioned,naturalistic,es_standard,standardised Spanish,"El rival está casi derrotado, pero tienes el escudo levantado. Baja el escudo en este turno.",S0,B,B,shoot,,True,False,False,False,False,B,strict,False,action_error,249.282,
llama3.2:latest,0,state-low-health,state_conditioned,clause_level_voseo,en,English,"If your health is below 15, raise the shield; otherwise move forward.",S1,B,B,shoot,,True,False,False,False,False,B,strict,False,action_error,377.343,
llama3.2:latest,0,state-low-health,state_conditioned,clause_level_voseo,es_standard,standardised Spanish,"Si tienes menos de 15 puntos de salud, levanta el escudo; si no, avanza.",S1,S,S,shield_toggle,,True,False,False,False,True,S,strict,False,action_error,275.613,
llama3.2:latest,0,state-low-health,state_conditioned,clause_level_voseo,es_rioplatense,Rioplatense Spanish,"Si tenés menos de 15 puntos de salud, levantá el escudo; si no, avanzá.",S1,B,B,shoot,,True,False,False,False,False,B,strict,False,action_error,232.108,
llama3.2:latest,0,natural-ccw-060,parameterised,naturalistic,es_rioplatense,Rioplatense Spanish,Hacé un giro de exactamente 60 grados en sentido antihorario.,A60.0,A,ERR,invalid,,False,False,False,False,False,,,False,invalid_unrecoverable,374.069,
llama3.2:latest,0,natural-ccw-060,parameterised,naturalistic,en,English,Make a counterclockwise turn of exactly 60 degrees.,A60.0,A,ERR,invalid,,False,False,False,False,False,,,False,invalid_unrecoverable,227.245,
llama3.2:latest,0,natural-ccw-060,parameterised,naturalistic,es_standard,standardised Spanish,Haz un giro de exactamente 60 grados en sentido antihorario.,A60.0,C60,C60.0,rotate_cw,60.0,True,False,True,False,False,C60.0,strict,False,action_error,250.264,
llama3.2:latest,0,state-opponent-shield-down,state_conditioned,clause_level_voseo,es_standard,standardised Spanish,"Si el rival tiene el escudo levantado, avanza; si no, dispara.",B,B,B,shoot,,True,True,,True,True,B,strict,True,correct,221.307,
llama3.2:latest,0,state-opponent-shield-down,state_conditioned,clause_level_voseo,en,English,"If the opponent has its shield raised, move forward; otherwise fire.",B,B,B,shoot,,True,True,,True,True,B,strict,True,correct,222.451,
llama3.2:latest,0,state-opponent-shield-down,state_conditioned,clause_level_voseo,es_rioplatense,Rioplatense Spanish,"Si el rival tiene el escudo levantado, avanzá; si no, dispará.",B,S1,S1,shield_set,1.0,True,False,,False,False,S1,strict,False,action_error,240.496,
llama3.2:latest,0,direct-fire,direct,minimal_morphology,es_rioplatense,Rioplatense Spanish,Dispará.,B,B,B,shoot,,True,True,,True,True,B,strict,True,correct,260.896,
llama3.2:latest,0,direct-fire,direct,minimal_morphology,es_standard,standardised Spanish,Dispara.,B,B,B,shoot,,True,True,,True,True,B,strict,True,correct,213.002,
llama3.2:latest,0,direct-fire,direct,minimal_morphology,en,English,Fire.,B,B,B,shoot,,True,True,,True,True,B,strict,True,correct,209.493,
llama3.2:latest,0,direct-cw-090,parameterised,minimal_morphology,es_rioplatense,Rioplatense Spanish,Girá 90 grados en sentido horario.,C90.0,B = fire,ERR,invalid,,False,False,False,False,False,,,False,invalid_unrecoverable,260.819,
llama3.2:latest,0,direct-cw-090,parameterised,minimal_morphology,en,English,Turn clockwise 90 degrees.,C90.0,C90,C90.0,rotate_cw,90.0,True,True,True,True,True,C90.0,strict,True,correct,239.138,
llama3.2:latest,0,direct-cw-090,parameterised,minimal_morphology,es_standard,standardised Spanish,Gira 90 grados en sentido horario.,C90.0,B,B,shoot,,True,False,False,False,False,B,strict,False,action_error,266.436,
llama3.2:latest,0,natural-shield-up,state_conditioned,naturalistic,en,English,Your shield is up. Lower it now so you can fire on a later turn.,S0,B,B,shoot,,True,False,False,False,False,B,strict,False,action_error,324.735,
llama3.2:latest,0,natural-shield-up,state_conditioned,naturalistic,es_standard,standardised Spanish,Tienes el escudo levantado. Bájalo ahora para poder disparar en un turno posterior.,S0,B,B,shoot,,True,False,False,False,False,B,strict,False,action_error,224.818,
llama3.2:latest,0,natural-shield-up,state_conditioned,naturalistic,es_rioplatense,Rioplatense Spanish,Tenés el escudo levantado. Bajalo ahora para poder disparar en un turno posterior.,S0,S,S,shield_toggle,,True,False,False,False,True,S,strict,False,action_error,259.64,
llama3.2:latest,0,state-x-right,state_conditioned,clause_level_voseo,es_standard,standardised Spanish,"Si tu coordenada x es mayor que 0.7, gira 90 grados en sentido antihorario; si no, avanza 0.1.",A90.0,B,B,shoot,,True,False,False,False,False,B,strict,False,action_error,363.511,
llama3.2:latest,0,state-x-right,state_conditioned,clause_level_voseo,es_rioplatense,Rioplatense Spanish,"Si tu coordenada x es mayor que 0.7, girá 90 grados en sentido antihorario; si no, avanzá 0.1.",A90.0,S,S,shield_toggle,,True,False,False,False,False,S,strict,False,action_error,233.087,
llama3.2:latest,0,state-x-right,state_conditioned,clause_level_voseo,en,English,"If your x coordinate is above 0.7, turn counterclockwise 90 degrees; otherwise move forward 0.1.",A90.0,S0,S0,shield_set,0.0,True,False,False,False,False,S0,strict,False,action_error,279.047,
llama3.2:latest,0,natural-shield-down,state_conditioned,naturalistic,es_rioplatense,Rioplatense Spanish,Ya tenés el escudo bajo. Dispará ahora.,B,B,B,shoot,,True,True,,True,True,B,strict,True,correct,316.437,
llama3.2:latest,0,natural-shield-down,state_conditioned,naturalistic,en,English,Your shield is already down. Fire now.,B,B,B,shoot,,True,True,,True,True,B,strict,True,correct,229.36,
llama3.2:latest,0,natural-shield-down,state_conditioned,naturalistic,es_standard,standardised Spanish,Ya tienes el escudo bajo. Dispara ahora.,B,B,B,shoot,,True,True,,True,True,B,strict,True,correct,244.607,
llama3.2:latest,0,state-opponent-shield-up,state_conditioned,clause_level_voseo,es_rioplatense,Rioplatense Spanish,"Si el rival tiene el escudo levantado, avanzá; si no, dispará.",M,B,B,shoot,,True,False,,False,False,B,strict,False,action_error,309.718,
llama3.2:latest,0,state-opponent-shield-up,state_conditioned,clause_level_voseo,es_standard,standardised Spanish,"Si el rival tiene el escudo levantado, avanza; si no, dispara.",M,B,B,shoot,,True,False,,False,False,B,strict,False,action_error,225.757,
llama3.2:latest,0,state-opponent-shield-up,state_conditioned,clause_level_voseo,en,English,"If the opponent has its shield raised, move forward; otherwise fire.",M,B,B,shoot,,True,False,,False,False,B,strict,False,action_error,233.343,
llama3.2:latest,0,direct-ccw-045,parameterised,minimal_morphology,en,English,Turn counterclockwise 45 degrees.,A45.0,A,ERR,invalid,,False,False,False,False,False,,,False,invalid_unrecoverable,259.831,
llama3.2:latest,0,direct-ccw-045,parameterised,minimal_morphology,es_standard,standardised Spanish,Gira 45 grados en sentido antihorario.,A45.0,C45,C45.0,rotate_cw,45.0,True,False,True,False,False,C45.0,strict,False,action_error,313.961,
llama3.2:latest,0,direct-ccw-045,parameterised,minimal_morphology,es_rioplatense,Rioplatense Spanish,Girá 45 grados en sentido antihorario.,A45.0,B45,ERR,invalid,,False,False,False,False,False,,,False,invalid_unrecoverable,252.445,
llama3.2:latest,0,direct-cw-030,parameterised,minimal_morphology,es_rioplatense,Rioplatense Spanish,Girá 30 grados en sentido horario.,C30.0,C30,C30.0,rotate_cw,30.0,True,True,True,True,True,C30.0,strict,True,correct,246.936,
llama3.2:latest,0,direct-cw-030,parameterised,minimal_morphology,es_standard,standardised Spanish,Gira 30 grados en sentido horario.,C30.0,B,B,shoot,,True,False,False,False,False,B,strict,False,action_error,227.119,
llama3.2:latest,0,direct-cw-030,parameterised,minimal_morphology,en,English,Turn clockwise 30 degrees.,C30.0,B,B,shoot,,True,False,False,False,False,B,strict,False,action_error,274.312,
llama3.2:latest,0,state-own-shield-up,state_conditioned,clause_level_voseo,es_standard,standardised Spanish,"Si tienes el escudo levantado, bájalo; si no, dispara.",S0,B,B,shoot,,True,False,False,False,False,B,strict,False,action_error,328.772,
llama3.2:latest,0,state-own-shield-up,state_conditioned,clause_level_voseo,en,English,"If your shield is raised, lower it; otherwise fire.",S0,B,B,shoot,,True,False,False,False,False,B,strict,False,action_error,232.568,
llama3.2:latest,0,state-own-shield-up,state_conditioned,clause_level_voseo,es_rioplatense,Rioplatense Spanish,"Si tenés el escudo levantado, bajalo; si no, dispará.",S0,B,B,shoot,,True,False,False,False,False,B,strict,False,action_error,228.159,
llama3.2:latest,0,state-own-shield-down,state_conditioned,clause_level_voseo,es_standard,standardised Spanish,"Si tienes el escudo levantado, bájalo; si no, dispara.",B,B,B,shoot,,True,True,,True,True,B,strict,True,correct,334.509,
llama3.2:latest,0,state-own-shield-down,state_conditioned,clause_level_voseo,es_rioplatense,Rioplatense Spanish,"Si tenés el escudo levantado, bajalo; si no, dispará.",B,B,B,shoot,,True,True,,True,True,B,strict,True,correct,222.068,
llama3.2:latest,0,state-own-shield-down,state_conditioned,clause_level_voseo,en,English,"If your shield is raised, lower it; otherwise fire.",B,B,B,shoot,,True,True,,True,True,B,strict,True,correct,222.713,
llama3.2:latest,0,natural-move-005,parameterised,naturalistic,es_rioplatense,Rioplatense Spanish,Avanzá un paso corto de 0.05 hacia adelante.,M0.05,S,S,shield_toggle,,True,False,False,False,False,S,strict,False,action_error,291.731,
llama3.2:latest,0,natural-move-005,parameterised,naturalistic,en,English,Take a short step forward of 0.05.,M0.05,S1,S1,shield_set,1.0,True,False,False,False,False,S1,strict,False,action_error,250.48,
llama3.2:latest,0,natural-move-005,parameterised,naturalistic,es_standard,standardised Spanish,Avanza un paso corto de 0.05 hacia adelante.,M0.05,B,B,shoot,,True,False,False,False,False,B,strict,False,action_error,261.715,
